,Full Name,Abbreviation,smiles,Concentration (umol/mL),C atom,H atom,N atom,F atom,O atom,Ipc,Molecular weight,Hydrogen bond donor,Hydrogen bond acceptor,Rotatable bond,Complexity,MolLogP
1,(4-(trifluoromethyl)phenyl)methanaminium iodide,4-3FMPEAI,[I-].[NH3+]Cc1ccc(cc1)C(F)(F)F,3.299567757,8,9,1,0,0,430.628114,303.07,1,0,1,255.09,-1.55
2,(4-(trifluoromethyl)phenyl)methanaminium iodide,4-3FMPEAI,[I-].[NH3+]Cc1ccc(cc1)C(F)(F)F,6.599135513,8,9,1,0,0,430.628114,303.07,1,0,1,255.09,-1.55
3,(4-(trifluoromethyl)phenyl)methanaminium iodide,4-3FMPEAI,[I-].[NH3+]Cc1ccc(cc1)C(F)(F)F,9.89870327,8,9,1,0,0,430.628114,303.07,1,0,1,255.09,-1.55
4,(4-(trifluoromethyl)phenyl)methanaminium iodide,4-3FMPEAI,[I-].[NH3+]Cc1ccc(cc1)C(F)(F)F,13.19827103,8,9,1,0,0,430.628114,303.07,1,0,1,255.09,-1.55
5,(4-(trifluoromethyl)phenyl)methanaminium iodide,4-3FMPEAI,[I-].[NH3+]Cc1ccc(cc1)C(F)(F)F,16.49783878,8,9,1,0,0,430.628114,303.07,1,0,1,255.09,-1.55
6,(4-(trifluoromethyl)phenyl)methanaminium iodide,4-3FMPEAI,[I-].[NH3+]Cc1ccc(cc1)C(F)(F)F,19.79740654,8,9,1,0,0,430.628114,303.07,1,0,1,255.09,-1.55
7,(4-(trifluoromethyl)phenyl)methanaminium iodide,4-3FMPEAI,[I-].[NH3+]Cc1ccc(cc1)C(F)(F)F,23.0969743,8,9,1,0,0,430.628114,303.07,1,0,1,255.09,-1.55
8,(4-(trifluoromethyl)phenyl)methanaminium iodide,4-3FMPEAI,[I-].[NH3+]Cc1ccc(cc1)C(F)(F)F,26.39654205,8,9,1,0,0,430.628114,303.07,1,0,1,255.09,-1.55
9,(4-(trifluoromethyl)phenyl)methanaminium iodide,4-3FMPEAI,[I-].[NH3+]Cc1ccc(cc1)C(F)(F)F,29.69610981,8,9,1,0,0,430.628114,303.07,1,0,1,255.09,-1.55
10,(4-(trifluoromethyl)phenyl)methanaminium iodide,4-3FMPEAI,[I-].[NH3+]Cc1ccc(cc1)C(F)(F)F,32.99567757,8,9,1,0,0,430.628114,303.07,1,0,1,255.09,-1.55
11,(4-(trifluoromethyl)phenyl)methanaminium iodide,4-3FMPEAI,[I-].[NH3+]Cc1ccc(cc1)C(F)(F)F,36.29524532,8,9,1,0,0,430.628114,303.07,1,0,1,255.09,-1.55
12,(4-(trifluoromethyl)phenyl)methanaminium iodide,4-3FMPEAI,[I-].[NH3+]Cc1ccc(cc1)C(F)(F)F,39.59481308,8,9,1,0,0,430.628114,303.07,1,0,1,255.09,-1.55
13,(4-(trifluoromethyl)phenyl)methanaminium iodide,4-3FMPEAI,[I-].[NH3+]Cc1ccc(cc1)C(F)(F)F,42.89438084,8,9,1,0,0,430.628114,303.07,1,0,1,255.09,-1.55
14,(4-(trifluoromethyl)phenyl)methanaminium iodide,4-3FMPEAI,[I-].[NH3+]Cc1ccc(cc1)C(F)(F)F,46.19394859,8,9,1,0,0,430.628114,303.07,1,0,1,255.09,-1.55
15,(4-(trifluoromethyl)phenyl)methanaminium iodide,4-3FMPEAI,[I-].[NH3+]Cc1ccc(cc1)C(F)(F)F,49.49351635,8,9,1,0,0,430.628114,303.07,1,0,1,255.09,-1.55
16,(4-fluorophenyl)methanaminium iodide,4FBnAI,[I-].[NH3+]Cc1ccc(F)cc1,3.951632024,7,9,1,0,0,129.2253387,253.06,1,0,1,185.3,-2.43
17,(4-fluorophenyl)methanaminium iodide,4FBnAI,[I-].[NH3+]Cc1ccc(F)cc1,7.903264048,7,9,1,0,0,129.2253387,253.06,1,0,1,185.3,-2.43
18,(4-fluorophenyl)methanaminium iodide,4FBnAI,[I-].[NH3+]Cc1ccc(F)cc1,11.85489607,7,9,1,0,0,129.2253387,253.06,1,0,1,185.3,-2.43
19,(4-fluorophenyl)methanaminium iodide,4FBnAI,[I-].[NH3+]Cc1ccc(F)cc1,15.8065281,7,9,1,0,0,129.2253387,253.06,1,0,1,185.3,-2.43
20,(4-fluorophenyl)methanaminium iodide,4FBnAI,[I-].[NH3+]Cc1ccc(F)cc1,19.75816012,7,9,1,0,0,129.2253387,253.06,1,0,1,185.3,-2.43
21,(4-fluorophenyl)methanaminium iodide,4FBnAI,[I-].[NH3+]Cc1ccc(F)cc1,23.70979214,7,9,1,0,0,129.2253387,253.06,1,0,1,185.3,-2.43
22,(4-fluorophenyl)methanaminium iodide,4FBnAI,[I-].[NH3+]Cc1ccc(F)cc1,27.66142417,7,9,1,0,0,129.2253387,253.06,1,0,1,185.3,-2.43
23,(4-fluorophenyl)methanaminium iodide,4FBnAI,[I-].[NH3+]Cc1ccc(F)cc1,31.61305619,7,9,1,0,0,129.2253387,253.06,1,0,1,185.3,-2.43
24,(4-fluorophenyl)methanaminium iodide,4FBnAI,[I-].[NH3+]Cc1ccc(F)cc1,35.56468822,7,9,1,0,0,129.2253387,253.06,1,0,1,185.3,-2.43
25,(4-fluorophenyl)methanaminium iodide,4FBnAI,[I-].[NH3+]Cc1ccc(F)cc1,39.51632024,7,9,1,0,0,129.2253387,253.06,1,0,1,185.3,-2.43
26,(4-fluorophenyl)methanaminium iodide,4FBnAI,[I-].[NH3+]Cc1ccc(F)cc1,43.46795226,7,9,1,0,0,129.2253387,253.06,1,0,1,185.3,-2.43
27,(4-fluorophenyl)methanaminium iodide,4FBnAI,[I-].[NH3+]Cc1ccc(F)cc1,47.41958429,7,9,1,0,0,129.2253387,253.06,1,0,1,185.3,-2.43
28,(4-fluorophenyl)methanaminium iodide,4FBnAI,[I-].[NH3+]Cc1ccc(F)cc1,51.37121631,7,9,1,0,0,129.2253387,253.06,1,0,1,185.3,-2.43
29,(4-fluorophenyl)methanaminium iodide,4FBnAI,[I-].[NH3+]Cc1ccc(F)cc1,55.32284834,7,9,1,0,0,129.2253387,253.06,1,0,1,185.3,-2.43
30,(4-fluorophenyl)methanaminium iodide,4FBnAI,[I-].[NH3+]Cc1ccc(F)cc1,59.27448036,7,9,1,0,0,129.2253387,253.06,1,0,1,185.3,-2.43
31,(E)-3-phenylprop-2-en-1-aminium iodide,PhPAI,[I-].[NH3+]C/C=C/c1ccccc1,3.829803531,9,12,1,0,0,251.6671623,261.11,1,0,2,206.06,-2.05
32,(E)-3-phenylprop-2-en-1-aminium iodide,PhPAI,[I-].[NH3+]C/C=C/c1ccccc1,7.659607062,9,12,1,0,0,251.6671623,261.11,1,0,2,206.06,-2.05
33,(E)-3-phenylprop-2-en-1-aminium iodide,PhPAI,[I-].[NH3+]C/C=C/c1ccccc1,11.48941059,9,12,1,0,0,251.6671623,261.11,1,0,2,206.06,-2.05
34,(E)-3-phenylprop-2-en-1-aminium iodide,PhPAI,[I-].[NH3+]C/C=C/c1ccccc1,15.31921412,9,12,1,0,0,251.6671623,261.11,1,0,2,206.06,-2.05
35,(E)-3-phenylprop-2-en-1-aminium iodide,PhPAI,[I-].[NH3+]C/C=C/c1ccccc1,19.14901766,9,12,1,0,0,251.6671623,261.11,1,0,2,206.06,-2.05
36,(E)-3-phenylprop-2-en-1-aminium iodide,PhPAI,[I-].[NH3+]C/C=C/c1ccccc1,22.97882119,9,12,1,0,0,251.6671623,261.11,1,0,2,206.06,-2.05
37,(E)-3-phenylprop-2-en-1-aminium iodide,PhPAI,[I-].[NH3+]C/C=C/c1ccccc1,26.80862472,9,12,1,0,0,251.6671623,261.11,1,0,2,206.06,-2.05
38,(E)-3-phenylprop-2-en-1-aminium iodide,PhPAI,[I-].[NH3+]C/C=C/c1ccccc1,30.63842825,9,12,1,0,0,251.6671623,261.11,1,0,2,206.06,-2.05
39,(E)-3-phenylprop-2-en-1-aminium iodide,PhPAI,[I-].[NH3+]C/C=C/c1ccccc1,34.46823178,9,12,1,0,0,251.6671623,261.11,1,0,2,206.06,-2.05
40,(E)-3-phenylprop-2-en-1-aminium iodide,PhPAI,[I-].[NH3+]C/C=C/c1ccccc1,38.29803531,9,12,1,0,0,251.6671623,261.11,1,0,2,206.06,-2.05
41,(E)-3-phenylprop-2-en-1-aminium iodide,PhPAI,[I-].[NH3+]C/C=C/c1ccccc1,42.12783884,9,12,1,0,0,251.6671623,261.11,1,0,2,206.06,-2.05
42,(E)-3-phenylprop-2-en-1-aminium iodide,PhPAI,[I-].[NH3+]C/C=C/c1ccccc1,45.95764237,9,12,1,0,0,251.6671623,261.11,1,0,2,206.06,-2.05
43,(E)-3-phenylprop-2-en-1-aminium iodide,PhPAI,[I-].[NH3+]C/C=C/c1ccccc1,49.7874459,9,12,1,0,0,251.6671623,261.11,1,0,2,206.06,-2.05
44,(E)-3-phenylprop-2-en-1-aminium iodide,PhPAI,[I-].[NH3+]C/C=C/c1ccccc1,53.61724944,9,12,1,0,0,251.6671623,261.11,1,0,2,206.06,-2.05
45,(E)-3-phenylprop-2-en-1-aminium iodide,PhPAI,[I-].[NH3+]C/C=C/c1ccccc1,57.44705297,9,12,1,0,0,251.6671623,261.11,1,0,2,206.06,-2.05
46,1H-imidazol-1-ium iodide,IAI,[I-].[NH2+]1C=CN=C1,5.102275104,3,5,2,0,0,22.88643539,195.991,1,1,0,66.86238311,-3.9331
47,1H-imidazol-1-ium iodide,IAI,[I-].[NH2+]1C=CN=C1,10.20455021,3,5,2,0,0,22.88643539,195.991,1,1,0,66.86238311,-3.9331
48,1H-imidazol-1-ium iodide,IAI,[I-].[NH2+]1C=CN=C1,15.30682531,3,5,2,0,0,22.88643539,195.991,1,1,0,66.86238311,-3.9331
49,1H-imidazol-1-ium iodide,IAI,[I-].[NH2+]1C=CN=C1,20.40910042,3,5,2,0,0,22.88643539,195.991,1,1,0,66.86238311,-3.9331
50,1H-imidazol-1-ium iodide,IAI,[I-].[NH2+]1C=CN=C1,25.51137552,3,5,2,0,0,22.88643539,195.991,1,1,0,66.86238311,-3.9331
51,1H-imidazol-1-ium iodide,IAI,[I-].[NH2+]1C=CN=C1,30.61365063,3,5,2,0,0,22.88643539,195.991,1,1,0,66.86238311,-3.9331
52,1H-imidazol-1-ium iodide,IAI,[I-].[NH2+]1C=CN=C1,35.71592573,3,5,2,0,0,22.88643539,195.991,1,1,0,66.86238311,-3.9331
53,1H-imidazol-1-ium iodide,IAI,[I-].[NH2+]1C=CN=C1,40.81820084,3,5,2,0,0,22.88643539,195.991,1,1,0,66.86238311,-3.9331
54,1H-imidazol-1-ium iodide,IAI,[I-].[NH2+]1C=CN=C1,45.92047594,3,5,2,0,0,22.88643539,195.991,1,1,0,66.86238311,-3.9331
55,1H-imidazol-1-ium iodide,IAI,[I-].[NH2+]1C=CN=C1,51.02275104,3,5,2,0,0,22.88643539,195.991,1,1,0,66.86238311,-3.9331
56,1H-imidazol-1-ium iodide,IAI,[I-].[NH2+]1C=CN=C1,56.12502615,3,5,2,0,0,22.88643539,195.991,1,1,0,66.86238311,-3.9331
57,1H-imidazol-1-ium iodide,IAI,[I-].[NH2+]1C=CN=C1,61.22730125,3,5,2,0,0,22.88643539,195.991,1,1,0,66.86238311,-3.9331
58,1H-imidazol-1-ium iodide,IAI,[I-].[NH2+]1C=CN=C1,66.32957636,3,5,2,0,0,22.88643539,195.991,1,1,0,66.86238311,-3.9331
59,1H-imidazol-1-ium iodide,IAI,[I-].[NH2+]1C=CN=C1,71.43185146,3,5,2,0,0,22.88643539,195.991,1,1,0,66.86238311,-3.9331
60,1H-imidazol-1-ium iodide,IAI,[I-].[NH2+]1C=CN=C1,76.53412657,3,5,2,0,0,22.88643539,195.991,1,1,0,66.86238311,-3.9331
61,2-(perfluorophenyl)ethan-1-aminium iodide,5F-PEAI,[I-].[NH3+]CCc1c(F)c(F)c(F)c(F)c1F,2.949460986,8,7,1,5,0,1158.310255,339.045,1,0,2,339.5350409,-1.8295
62,2-(perfluorophenyl)ethan-1-aminium iodide,5F-PEAI,[I-].[NH3+]CCc1c(F)c(F)c(F)c(F)c1F,5.898921972,8,7,1,5,0,1158.310255,339.045,1,0,2,339.5350409,-1.8295
63,2-(perfluorophenyl)ethan-1-aminium iodide,5F-PEAI,[I-].[NH3+]CCc1c(F)c(F)c(F)c(F)c1F,8.848382958,8,7,1,5,0,1158.310255,339.045,1,0,2,339.5350409,-1.8295
64,2-(perfluorophenyl)ethan-1-aminium iodide,5F-PEAI,[I-].[NH3+]CCc1c(F)c(F)c(F)c(F)c1F,11.79784394,8,7,1,5,0,1158.310255,339.045,1,0,2,339.5350409,-1.8295
65,2-(perfluorophenyl)ethan-1-aminium iodide,5F-PEAI,[I-].[NH3+]CCc1c(F)c(F)c(F)c(F)c1F,14.74730493,8,7,1,5,0,1158.310255,339.045,1,0,2,339.5350409,-1.8295
66,2-(perfluorophenyl)ethan-1-aminium iodide,5F-PEAI,[I-].[NH3+]CCc1c(F)c(F)c(F)c(F)c1F,17.69676592,8,7,1,5,0,1158.310255,339.045,1,0,2,339.5350409,-1.8295
67,2-(perfluorophenyl)ethan-1-aminium iodide,5F-PEAI,[I-].[NH3+]CCc1c(F)c(F)c(F)c(F)c1F,20.6462269,8,7,1,5,0,1158.310255,339.045,1,0,2,339.5350409,-1.8295
68,2-(perfluorophenyl)ethan-1-aminium iodide,5F-PEAI,[I-].[NH3+]CCc1c(F)c(F)c(F)c(F)c1F,23.59568789,8,7,1,5,0,1158.310255,339.045,1,0,2,339.5350409,-1.8295
69,2-(perfluorophenyl)ethan-1-aminium iodide,5F-PEAI,[I-].[NH3+]CCc1c(F)c(F)c(F)c(F)c1F,26.54514887,8,7,1,5,0,1158.310255,339.045,1,0,2,339.5350409,-1.8295
70,2-(perfluorophenyl)ethan-1-aminium iodide,5F-PEAI,[I-].[NH3+]CCc1c(F)c(F)c(F)c(F)c1F,29.49460986,8,7,1,5,0,1158.310255,339.045,1,0,2,339.5350409,-1.8295
71,2-(perfluorophenyl)ethan-1-aminium iodide,5F-PEAI,[I-].[NH3+]CCc1c(F)c(F)c(F)c(F)c1F,32.44407085,8,7,1,5,0,1158.310255,339.045,1,0,2,339.5350409,-1.8295
72,2-(perfluorophenyl)ethan-1-aminium iodide,5F-PEAI,[I-].[NH3+]CCc1c(F)c(F)c(F)c(F)c1F,35.39353183,8,7,1,5,0,1158.310255,339.045,1,0,2,339.5350409,-1.8295
73,2-(perfluorophenyl)ethan-1-aminium iodide,5F-PEAI,[I-].[NH3+]CCc1c(F)c(F)c(F)c(F)c1F,38.34299282,8,7,1,5,0,1158.310255,339.045,1,0,2,339.5350409,-1.8295
74,2-(perfluorophenyl)ethan-1-aminium iodide,5F-PEAI,[I-].[NH3+]CCc1c(F)c(F)c(F)c(F)c1F,41.2924538,8,7,1,5,0,1158.310255,339.045,1,0,2,339.5350409,-1.8295
75,2-(perfluorophenyl)ethan-1-aminium iodide,5F-PEAI,[I-].[NH3+]CCc1c(F)c(F)c(F)c(F)c1F,44.24191479,8,7,1,5,0,1158.310255,339.045,1,0,2,339.5350409,-1.8295
76,2-(thiophen-2-yl)ethan-1-aminium iodide,2ThEAI,[I-].[NH3+]CCc1sccc1,3.919724051,6,10,1,0,0,107.1071907,255.12,1,1,2,138.78,-2.46
77,2-(thiophen-2-yl)ethan-1-aminium iodide,2ThEAI,[I-].[NH3+]CCc1sccc1,7.839448103,6,10,1,0,0,107.1071907,255.12,1,1,2,138.78,-2.46
78,2-(thiophen-2-yl)ethan-1-aminium iodide,2ThEAI,[I-].[NH3+]CCc1sccc1,11.75917215,6,10,1,0,0,107.1071907,255.12,1,1,2,138.78,-2.46
79,2-(thiophen-2-yl)ethan-1-aminium iodide,2ThEAI,[I-].[NH3+]CCc1sccc1,15.67889621,6,10,1,0,0,107.1071907,255.12,1,1,2,138.78,-2.46
80,2-(thiophen-2-yl)ethan-1-aminium iodide,2ThEAI,[I-].[NH3+]CCc1sccc1,19.59862026,6,10,1,0,0,107.1071907,255.12,1,1,2,138.78,-2.46
81,2-(thiophen-2-yl)ethan-1-aminium iodide,2ThEAI,[I-].[NH3+]CCc1sccc1,23.51834431,6,10,1,0,0,107.1071907,255.12,1,1,2,138.78,-2.46
82,2-(thiophen-2-yl)ethan-1-aminium iodide,2ThEAI,[I-].[NH3+]CCc1sccc1,27.43806836,6,10,1,0,0,107.1071907,255.12,1,1,2,138.78,-2.46
83,2-(thiophen-2-yl)ethan-1-aminium iodide,2ThEAI,[I-].[NH3+]CCc1sccc1,31.35779241,6,10,1,0,0,107.1071907,255.12,1,1,2,138.78,-2.46
84,2-(thiophen-2-yl)ethan-1-aminium iodide,2ThEAI,[I-].[NH3+]CCc1sccc1,35.27751646,6,10,1,0,0,107.1071907,255.12,1,1,2,138.78,-2.46
85,2-(thiophen-2-yl)ethan-1-aminium iodide,2ThEAI,[I-].[NH3+]CCc1sccc1,39.19724051,6,10,1,0,0,107.1071907,255.12,1,1,2,138.78,-2.46
86,2-(thiophen-2-yl)ethan-1-aminium iodide,2ThEAI,[I-].[NH3+]CCc1sccc1,43.11696457,6,10,1,0,0,107.1071907,255.12,1,1,2,138.78,-2.46
87,2-(thiophen-2-yl)ethan-1-aminium iodide,2ThEAI,[I-].[NH3+]CCc1sccc1,47.03668862,6,10,1,0,0,107.1071907,255.12,1,1,2,138.78,-2.46
88,2-(thiophen-2-yl)ethan-1-aminium iodide,2ThEAI,[I-].[NH3+]CCc1sccc1,50.95641267,6,10,1,0,0,107.1071907,255.12,1,1,2,138.78,-2.46
89,2-(thiophen-2-yl)ethan-1-aminium iodide,2ThEAI,[I-].[NH3+]CCc1sccc1,54.87613672,6,10,1,0,0,107.1071907,255.12,1,1,2,138.78,-2.46
90,2-(thiophen-2-yl)ethan-1-aminium iodide,2ThEAI,[I-].[NH3+]CCc1sccc1,58.79586077,6,10,1,0,0,107.1071907,255.12,1,1,2,138.78,-2.46
91,2-Fluoro-phenethylammonium iodide,2FPEAI,[I-].[NH3+]CCc1ccccc1F,3.744056311,8,11,1,1,0,213.8116245,267.09,1,0,2,215,-2.39
92,2-Fluoro-phenethylammonium iodide,2FPEAI,[I-].[NH3+]CCc1ccccc1F,7.488112621,8,11,1,1,0,213.8116245,267.09,1,0,2,215,-2.39
93,2-Fluoro-phenethylammonium iodide,2FPEAI,[I-].[NH3+]CCc1ccccc1F,11.23216893,8,11,1,1,0,213.8116245,267.09,1,0,2,215,-2.39
94,2-Fluoro-phenethylammonium iodide,2FPEAI,[I-].[NH3+]CCc1ccccc1F,14.97622524,8,11,1,1,0,213.8116245,267.09,1,0,2,215,-2.39
95,2-Fluoro-phenethylammonium iodide,2FPEAI,[I-].[NH3+]CCc1ccccc1F,18.72028155,8,11,1,1,0,213.8116245,267.09,1,0,2,215,-2.39
96,2-Fluoro-phenethylammonium iodide,2FPEAI,[I-].[NH3+]CCc1ccccc1F,22.46433786,8,11,1,1,0,213.8116245,267.09,1,0,2,215,-2.39
97,2-Fluoro-phenethylammonium iodide,2FPEAI,[I-].[NH3+]CCc1ccccc1F,26.20839417,8,11,1,1,0,213.8116245,267.09,1,0,2,215,-2.39
98,2-Fluoro-phenethylammonium iodide,2FPEAI,[I-].[NH3+]CCc1ccccc1F,29.95245048,8,11,1,1,0,213.8116245,267.09,1,0,2,215,-2.39
99,2-Fluoro-phenethylammonium iodide,2FPEAI,[I-].[NH3+]CCc1ccccc1F,33.6965068,8,11,1,1,0,213.8116245,267.09,1,0,2,215,-2.39
100,2-Fluoro-phenethylammonium iodide,2FPEAI,[I-].[NH3+]CCc1ccccc1F,37.44056311,8,11,1,1,0,213.8116245,267.09,1,0,2,215,-2.39
101,2-Fluoro-phenethylammonium iodide,2FPEAI,[I-].[NH3+]CCc1ccccc1F,41.18461942,8,11,1,1,0,213.8116245,267.09,1,0,2,215,-2.39
102,2-Fluoro-phenethylammonium iodide,2FPEAI,[I-].[NH3+]CCc1ccccc1F,44.92867573,8,11,1,1,0,213.8116245,267.09,1,0,2,215,-2.39
103,2-Fluoro-phenethylammonium iodide,2FPEAI,[I-].[NH3+]CCc1ccccc1F,48.67273204,8,11,1,1,0,213.8116245,267.09,1,0,2,215,-2.39
104,2-Fluoro-phenethylammonium iodide,2FPEAI,[I-].[NH3+]CCc1ccccc1F,52.41678835,8,11,1,1,0,213.8116245,267.09,1,0,2,215,-2.39
105,2-Fluoro-phenethylammonium iodide,2FPEAI,[I-].[NH3+]CCc1ccccc1F,56.16084466,8,11,1,1,0,213.8116245,267.09,1,0,2,215,-2.39
106,2-methylpropan-2-aminium iodide,t-BuNH3I,[I-].CC(C)(C)[NH3+],4.973862353,4,12,1,0,0,3.609640474,201.051,1,0,0,23.01955001,-2.9692
107,2-methylpropan-2-aminium iodide,t-BuNH3I,[I-].CC(C)(C)[NH3+],9.947724707,4,12,1,0,0,3.609640474,201.051,1,0,0,23.01955001,-2.9692
108,2-methylpropan-2-aminium iodide,t-BuNH3I,[I-].CC(C)(C)[NH3+],14.92158706,4,12,1,0,0,3.609640474,201.051,1,0,0,23.01955001,-2.9692
109,2-methylpropan-2-aminium iodide,t-BuNH3I,[I-].CC(C)(C)[NH3+],19.89544941,4,12,1,0,0,3.609640474,201.051,1,0,0,23.01955001,-2.9692
110,2-methylpropan-2-aminium iodide,t-BuNH3I,[I-].CC(C)(C)[NH3+],24.86931177,4,12,1,0,0,3.609640474,201.051,1,0,0,23.01955001,-2.9692
111,2-methylpropan-2-aminium iodide,t-BuNH3I,[I-].CC(C)(C)[NH3+],29.84317412,4,12,1,0,0,3.609640474,201.051,1,0,0,23.01955001,-2.9692
112,2-methylpropan-2-aminium iodide,t-BuNH3I,[I-].CC(C)(C)[NH3+],34.81703647,4,12,1,0,0,3.609640474,201.051,1,0,0,23.01955001,-2.9692
113,2-methylpropan-2-aminium iodide,t-BuNH3I,[I-].CC(C)(C)[NH3+],39.79089883,4,12,1,0,0,3.609640474,201.051,1,0,0,23.01955001,-2.9692
114,2-methylpropan-2-aminium iodide,t-BuNH3I,[I-].CC(C)(C)[NH3+],44.76476118,4,12,1,0,0,3.609640474,201.051,1,0,0,23.01955001,-2.9692
115,2-methylpropan-2-aminium iodide,t-BuNH3I,[I-].CC(C)(C)[NH3+],49.73862353,4,12,1,0,0,3.609640474,201.051,1,0,0,23.01955001,-2.9692
116,2-methylpropan-2-aminium iodide,t-BuNH3I,[I-].CC(C)(C)[NH3+],54.71248589,4,12,1,0,0,3.609640474,201.051,1,0,0,23.01955001,-2.9692
117,2-methylpropan-2-aminium iodide,t-BuNH3I,[I-].CC(C)(C)[NH3+],59.68634824,4,12,1,0,0,3.609640474,201.051,1,0,0,23.01955001,-2.9692
118,2-methylpropan-2-aminium iodide,t-BuNH3I,[I-].CC(C)(C)[NH3+],64.66021059,4,12,1,0,0,3.609640474,201.051,1,0,0,23.01955001,-2.9692
119,2-methylpropan-2-aminium iodide,t-BuNH3I,[I-].CC(C)(C)[NH3+],69.63407295,4,12,1,0,0,3.609640474,201.051,1,0,0,23.01955001,-2.9692
120,2-methylpropan-2-aminium iodide,t-BuNH3I,[I-].CC(C)(C)[NH3+],74.6079353,4,12,1,0,0,3.609640474,201.051,1,0,0,23.01955001,-2.9692
121,2-phenylethan-1-aminium iodide,PEAI,[I-].[NH3+]CCc1ccccc1,4.014452027,8,12,1,0,0,145.1665367,249.1,1,0,2,162.17,-2.53
122,2-phenylethan-1-aminium iodide,PEAI,[I-].[NH3+]CCc1ccccc1,8.028904055,8,12,1,0,0,145.1665367,249.1,1,0,2,162.17,-2.53
123,2-phenylethan-1-aminium iodide,PEAI,[I-].[NH3+]CCc1ccccc1,12.04335608,8,12,1,0,0,145.1665367,249.1,1,0,2,162.17,-2.53
124,2-phenylethan-1-aminium iodide,PEAI,[I-].[NH3+]CCc1ccccc1,16.05780811,8,12,1,0,0,145.1665367,249.1,1,0,2,162.17,-2.53
125,2-phenylethan-1-aminium iodide,PEAI,[I-].[NH3+]CCc1ccccc1,20.07226014,8,12,1,0,0,145.1665367,249.1,1,0,2,162.17,-2.53
126,2-phenylethan-1-aminium iodide,PEAI,[I-].[NH3+]CCc1ccccc1,24.08671216,8,12,1,0,0,145.1665367,249.1,1,0,2,162.17,-2.53
127,2-phenylethan-1-aminium iodide,PEAI,[I-].[NH3+]CCc1ccccc1,28.10116419,8,12,1,0,0,145.1665367,249.1,1,0,2,162.17,-2.53
128,2-phenylethan-1-aminium iodide,PEAI,[I-].[NH3+]CCc1ccccc1,32.11561622,8,12,1,0,0,145.1665367,249.1,1,0,2,162.17,-2.53
129,2-phenylethan-1-aminium iodide,PEAI,[I-].[NH3+]CCc1ccccc1,36.13006825,8,12,1,0,0,145.1665367,249.1,1,0,2,162.17,-2.53
130,2-phenylethan-1-aminium iodide,PEAI,[I-].[NH3+]CCc1ccccc1,40.14452027,8,12,1,0,0,145.1665367,249.1,1,0,2,162.17,-2.53
131,2-phenylethan-1-aminium iodide,PEAI,[I-].[NH3+]CCc1ccccc1,44.1589723,8,12,1,0,0,145.1665367,249.1,1,0,2,162.17,-2.53
132,2-phenylethan-1-aminium iodide,PEAI,[I-].[NH3+]CCc1ccccc1,48.17342433,8,12,1,0,0,145.1665367,249.1,1,0,2,162.17,-2.53
133,2-phenylethan-1-aminium iodide,PEAI,[I-].[NH3+]CCc1ccccc1,52.18787635,8,12,1,0,0,145.1665367,249.1,1,0,2,162.17,-2.53
134,2-phenylethan-1-aminium iodide,PEAI,[I-].[NH3+]CCc1ccccc1,56.20232838,8,12,1,0,0,145.1665367,249.1,1,0,2,162.17,-2.53
135,2-phenylethan-1-aminium iodide,PEAI,[I-].[NH3+]CCc1ccccc1,60.21678041,8,12,1,0,0,145.1665367,249.1,1,0,2,162.17,-2.53
136,"2,2-dimethylpropan-1-aminium iodide",neo-AmyINH3I,[I-].CC(C)(C)C[NH3+],4.649432769,5,14,1,0,0,12.16479704,215.08,1,0,0,37.84,-2.72
137,"2,2-dimethylpropan-1-aminium iodide",neo-AmyINH3I,[I-].CC(C)(C)C[NH3+],9.298865538,5,14,1,0,0,12.16479704,215.08,1,0,0,37.84,-2.72
138,"2,2-dimethylpropan-1-aminium iodide",neo-AmyINH3I,[I-].CC(C)(C)C[NH3+],13.94829831,5,14,1,0,0,12.16479704,215.08,1,0,0,37.84,-2.72
139,"2,2-dimethylpropan-1-aminium iodide",neo-AmyINH3I,[I-].CC(C)(C)C[NH3+],18.59773108,5,14,1,0,0,12.16479704,215.08,1,0,0,37.84,-2.72
140,"2,2-dimethylpropan-1-aminium iodide",neo-AmyINH3I,[I-].CC(C)(C)C[NH3+],23.24716385,5,14,1,0,0,12.16479704,215.08,1,0,0,37.84,-2.72
141,"2,2-dimethylpropan-1-aminium iodide",neo-AmyINH3I,[I-].CC(C)(C)C[NH3+],27.89659662,5,14,1,0,0,12.16479704,215.08,1,0,0,37.84,-2.72
142,"2,2-dimethylpropan-1-aminium iodide",neo-AmyINH3I,[I-].CC(C)(C)C[NH3+],32.54602938,5,14,1,0,0,12.16479704,215.08,1,0,0,37.84,-2.72
143,"2,2-dimethylpropan-1-aminium iodide",neo-AmyINH3I,[I-].CC(C)(C)C[NH3+],37.19546215,5,14,1,0,0,12.16479704,215.08,1,0,0,37.84,-2.72
144,"2,2-dimethylpropan-1-aminium iodide",neo-AmyINH3I,[I-].CC(C)(C)C[NH3+],41.84489492,5,14,1,0,0,12.16479704,215.08,1,0,0,37.84,-2.72
145,"2,2-dimethylpropan-1-aminium iodide",neo-AmyINH3I,[I-].CC(C)(C)C[NH3+],46.49432769,5,14,1,0,0,12.16479704,215.08,1,0,0,37.84,-2.72
146,"2,2-dimethylpropan-1-aminium iodide",neo-AmyINH3I,[I-].CC(C)(C)C[NH3+],51.14376046,5,14,1,0,0,12.16479704,215.08,1,0,0,37.84,-2.72
147,"2,2-dimethylpropan-1-aminium iodide",neo-AmyINH3I,[I-].CC(C)(C)C[NH3+],55.79319323,5,14,1,0,0,12.16479704,215.08,1,0,0,37.84,-2.72
148,"2,2-dimethylpropan-1-aminium iodide",neo-AmyINH3I,[I-].CC(C)(C)C[NH3+],60.442626,5,14,1,0,0,12.16479704,215.08,1,0,0,37.84,-2.72
149,"2,2-dimethylpropan-1-aminium iodide",neo-AmyINH3I,[I-].CC(C)(C)C[NH3+],65.09205877,5,14,1,0,0,12.16479704,215.08,1,0,0,37.84,-2.72
150,"2,2-dimethylpropan-1-aminium iodide",neo-AmyINH3I,[I-].CC(C)(C)C[NH3+],69.74149154,5,14,1,0,0,12.16479704,215.08,1,0,0,37.84,-2.72
151,3-methylbutan-1-aminium iodide,i-AmyINH3I,[I-].CC(C)CC[NH3+],4.649476004,5,14,1,0,0,14.83446686,215.078,1,0,2,29.26112493,-2.7216
152,3-methylbutan-1-aminium iodide,i-AmyINH3I,[I-].CC(C)CC[NH3+],9.298952008,5,14,1,0,0,14.83446686,215.078,1,0,2,29.26112493,-2.7216
153,3-methylbutan-1-aminium iodide,i-AmyINH3I,[I-].CC(C)CC[NH3+],13.94842801,5,14,1,0,0,14.83446686,215.078,1,0,2,29.26112493,-2.7216
154,3-methylbutan-1-aminium iodide,i-AmyINH3I,[I-].CC(C)CC[NH3+],18.59790402,5,14,1,0,0,14.83446686,215.078,1,0,2,29.26112493,-2.7216
155,3-methylbutan-1-aminium iodide,i-AmyINH3I,[I-].CC(C)CC[NH3+],23.24738002,5,14,1,0,0,14.83446686,215.078,1,0,2,29.26112493,-2.7216
156,3-methylbutan-1-aminium iodide,i-AmyINH3I,[I-].CC(C)CC[NH3+],27.89685602,5,14,1,0,0,14.83446686,215.078,1,0,2,29.26112493,-2.7216
157,3-methylbutan-1-aminium iodide,i-AmyINH3I,[I-].CC(C)CC[NH3+],32.54633203,5,14,1,0,0,14.83446686,215.078,1,0,2,29.26112493,-2.7216
158,3-methylbutan-1-aminium iodide,i-AmyINH3I,[I-].CC(C)CC[NH3+],37.19580803,5,14,1,0,0,14.83446686,215.078,1,0,2,29.26112493,-2.7216
159,3-methylbutan-1-aminium iodide,i-AmyINH3I,[I-].CC(C)CC[NH3+],41.84528404,5,14,1,0,0,14.83446686,215.078,1,0,2,29.26112493,-2.7216
160,3-methylbutan-1-aminium iodide,i-AmyINH3I,[I-].CC(C)CC[NH3+],46.49476004,5,14,1,0,0,14.83446686,215.078,1,0,2,29.26112493,-2.7216
161,3-methylbutan-1-aminium iodide,i-AmyINH3I,[I-].CC(C)CC[NH3+],51.14423604,5,14,1,0,0,14.83446686,215.078,1,0,2,29.26112493,-2.7216
162,3-methylbutan-1-aminium iodide,i-AmyINH3I,[I-].CC(C)CC[NH3+],55.79371205,5,14,1,0,0,14.83446686,215.078,1,0,2,29.26112493,-2.7216
163,3-methylbutan-1-aminium iodide,i-AmyINH3I,[I-].CC(C)CC[NH3+],60.44318805,5,14,1,0,0,14.83446686,215.078,1,0,2,29.26112493,-2.7216
164,3-methylbutan-1-aminium iodide,i-AmyINH3I,[I-].CC(C)CC[NH3+],65.09266406,5,14,1,0,0,14.83446686,215.078,1,0,2,29.26112493,-2.7216
165,3-methylbutan-1-aminium iodide,i-AmyINH3I,[I-].CC(C)CC[NH3+],69.74214006,5,14,1,0,0,14.83446686,215.078,1,0,2,29.26112493,-2.7216
166,4-(trifluoromethyl)benzenaminium iodide,4-3FMBnAI,[I-].[NH3+]c1ccc(cc1)C(F)(F)F,3.459728757,7,7,1,3,0,230.7347201,289.04,1,0,0,241.82,-1.42
167,4-(trifluoromethyl)benzenaminium iodide,4-3FMBnAI,[I-].[NH3+]c1ccc(cc1)C(F)(F)F,6.919457515,7,7,1,3,0,230.7347201,289.04,1,0,0,241.82,-1.42
168,4-(trifluoromethyl)benzenaminium iodide,4-3FMBnAI,[I-].[NH3+]c1ccc(cc1)C(F)(F)F,10.37918627,7,7,1,3,0,230.7347201,289.04,1,0,0,241.82,-1.42
169,4-(trifluoromethyl)benzenaminium iodide,4-3FMBnAI,[I-].[NH3+]c1ccc(cc1)C(F)(F)F,13.83891503,7,7,1,3,0,230.7347201,289.04,1,0,0,241.82,-1.42
170,4-(trifluoromethyl)benzenaminium iodide,4-3FMBnAI,[I-].[NH3+]c1ccc(cc1)C(F)(F)F,17.29864379,7,7,1,3,0,230.7347201,289.04,1,0,0,241.82,-1.42
171,4-(trifluoromethyl)benzenaminium iodide,4-3FMBnAI,[I-].[NH3+]c1ccc(cc1)C(F)(F)F,20.75837254,7,7,1,3,0,230.7347201,289.04,1,0,0,241.82,-1.42
172,4-(trifluoromethyl)benzenaminium iodide,4-3FMBnAI,[I-].[NH3+]c1ccc(cc1)C(F)(F)F,24.2181013,7,7,1,3,0,230.7347201,289.04,1,0,0,241.82,-1.42
173,4-(trifluoromethyl)benzenaminium iodide,4-3FMBnAI,[I-].[NH3+]c1ccc(cc1)C(F)(F)F,27.67783006,7,7,1,3,0,230.7347201,289.04,1,0,0,241.82,-1.42
174,4-(trifluoromethyl)benzenaminium iodide,4-3FMBnAI,[I-].[NH3+]c1ccc(cc1)C(F)(F)F,31.13755882,7,7,1,3,0,230.7347201,289.04,1,0,0,241.82,-1.42
175,4-(trifluoromethyl)benzenaminium iodide,4-3FMBnAI,[I-].[NH3+]c1ccc(cc1)C(F)(F)F,34.59728757,7,7,1,3,0,230.7347201,289.04,1,0,0,241.82,-1.42
176,4-(trifluoromethyl)benzenaminium iodide,4-3FMBnAI,[I-].[NH3+]c1ccc(cc1)C(F)(F)F,38.05701633,7,7,1,3,0,230.7347201,289.04,1,0,0,241.82,-1.42
177,4-(trifluoromethyl)benzenaminium iodide,4-3FMBnAI,[I-].[NH3+]c1ccc(cc1)C(F)(F)F,41.51674509,7,7,1,3,0,230.7347201,289.04,1,0,0,241.82,-1.42
178,4-(trifluoromethyl)benzenaminium iodide,4-3FMBnAI,[I-].[NH3+]c1ccc(cc1)C(F)(F)F,44.97647384,7,7,1,3,0,230.7347201,289.04,1,0,0,241.82,-1.42
179,4-(trifluoromethyl)benzenaminium iodide,4-3FMBnAI,[I-].[NH3+]c1ccc(cc1)C(F)(F)F,48.4362026,7,7,1,3,0,230.7347201,289.04,1,0,0,241.82,-1.42
180,4-(trifluoromethyl)benzenaminium iodide,4-3FMBnAI,[I-].[NH3+]c1ccc(cc1)C(F)(F)F,51.89593136,7,7,1,3,0,230.7347201,289.04,1,0,0,241.82,-1.42
181,4-carboxybutan-1-aminium iodide,5-AVAI,[I-].[NH3+]CCCCC(O)=O,4.080633314,5,12,1,0,2,48.27551104,245.06,2,1,4,77.36,-3.51
182,4-carboxybutan-1-aminium iodide,5-AVAI,[I-].[NH3+]CCCCC(O)=O,8.161266629,5,12,1,0,2,48.27551104,245.06,2,1,4,77.36,-3.51
183,4-carboxybutan-1-aminium iodide,5-AVAI,[I-].[NH3+]CCCCC(O)=O,12.24189994,5,12,1,0,2,48.27551104,245.06,2,1,4,77.36,-3.51
184,4-carboxybutan-1-aminium iodide,5-AVAI,[I-].[NH3+]CCCCC(O)=O,16.32253326,5,12,1,0,2,48.27551104,245.06,2,1,4,77.36,-3.51
185,4-carboxybutan-1-aminium iodide,5-AVAI,[I-].[NH3+]CCCCC(O)=O,20.40316657,5,12,1,0,2,48.27551104,245.06,2,1,4,77.36,-3.51
186,4-carboxybutan-1-aminium iodide,5-AVAI,[I-].[NH3+]CCCCC(O)=O,24.48379989,5,12,1,0,2,48.27551104,245.06,2,1,4,77.36,-3.51
187,4-carboxybutan-1-aminium iodide,5-AVAI,[I-].[NH3+]CCCCC(O)=O,28.5644332,5,12,1,0,2,48.27551104,245.06,2,1,4,77.36,-3.51
188,4-carboxybutan-1-aminium iodide,5-AVAI,[I-].[NH3+]CCCCC(O)=O,32.64506651,5,12,1,0,2,48.27551104,245.06,2,1,4,77.36,-3.51
189,4-carboxybutan-1-aminium iodide,5-AVAI,[I-].[NH3+]CCCCC(O)=O,36.72569983,5,12,1,0,2,48.27551104,245.06,2,1,4,77.36,-3.51
190,4-carboxybutan-1-aminium iodide,5-AVAI,[I-].[NH3+]CCCCC(O)=O,40.80633314,5,12,1,0,2,48.27551104,245.06,2,1,4,77.36,-3.51
191,4-carboxybutan-1-aminium iodide,5-AVAI,[I-].[NH3+]CCCCC(O)=O,44.88696646,5,12,1,0,2,48.27551104,245.06,2,1,4,77.36,-3.51
192,4-carboxybutan-1-aminium iodide,5-AVAI,[I-].[NH3+]CCCCC(O)=O,48.96759977,5,12,1,0,2,48.27551104,245.06,2,1,4,77.36,-3.51
193,4-carboxybutan-1-aminium iodide,5-AVAI,[I-].[NH3+]CCCCC(O)=O,53.04823309,5,12,1,0,2,48.27551104,245.06,2,1,4,77.36,-3.51
194,4-carboxybutan-1-aminium iodide,5-AVAI,[I-].[NH3+]CCCCC(O)=O,57.1288664,5,12,1,0,2,48.27551104,245.06,2,1,4,77.36,-3.51
195,4-carboxybutan-1-aminium iodide,5-AVAI,[I-].[NH3+]CCCCC(O)=O,61.20949971,5,12,1,0,2,48.27551104,245.06,2,1,4,77.36,-3.51
196,4-Fluoro-phenethylammonium iodide,4FPEAI,[I-].[NH3+]CCc1ccc(F)cc1,3.744056311,8,11,1,1,0,210.075617,267.09,1,0,2,197.75,-2.39
197,4-Fluoro-phenethylammonium iodide,4FPEAI,[I-].[NH3+]CCc1ccc(F)cc1,7.488112621,8,11,1,1,0,210.075617,267.09,1,0,2,197.75,-2.39
198,4-Fluoro-phenethylammonium iodide,4FPEAI,[I-].[NH3+]CCc1ccc(F)cc1,11.23216893,8,11,1,1,0,210.075617,267.09,1,0,2,197.75,-2.39
199,4-Fluoro-phenethylammonium iodide,4FPEAI,[I-].[NH3+]CCc1ccc(F)cc1,14.97622524,8,11,1,1,0,210.075617,267.09,1,0,2,197.75,-2.39
200,4-Fluoro-phenethylammonium iodide,4FPEAI,[I-].[NH3+]CCc1ccc(F)cc1,18.72028155,8,11,1,1,0,210.075617,267.09,1,0,2,197.75,-2.39
201,4-Fluoro-phenethylammonium iodide,4FPEAI,[I-].[NH3+]CCc1ccc(F)cc1,22.46433786,8,11,1,1,0,210.075617,267.09,1,0,2,197.75,-2.39
202,4-Fluoro-phenethylammonium iodide,4FPEAI,[I-].[NH3+]CCc1ccc(F)cc1,26.20839417,8,11,1,1,0,210.075617,267.09,1,0,2,197.75,-2.39
203,4-Fluoro-phenethylammonium iodide,4FPEAI,[I-].[NH3+]CCc1ccc(F)cc1,29.95245048,8,11,1,1,0,210.075617,267.09,1,0,2,197.75,-2.39
204,4-Fluoro-phenethylammonium iodide,4FPEAI,[I-].[NH3+]CCc1ccc(F)cc1,33.6965068,8,11,1,1,0,210.075617,267.09,1,0,2,197.75,-2.39
205,4-Fluoro-phenethylammonium iodide,4FPEAI,[I-].[NH3+]CCc1ccc(F)cc1,37.44056311,8,11,1,1,0,210.075617,267.09,1,0,2,197.75,-2.39
206,4-Fluoro-phenethylammonium iodide,4FPEAI,[I-].[NH3+]CCc1ccc(F)cc1,41.18461942,8,11,1,1,0,210.075617,267.09,1,0,2,197.75,-2.39
207,4-Fluoro-phenethylammonium iodide,4FPEAI,[I-].[NH3+]CCc1ccc(F)cc1,44.92867573,8,11,1,1,0,210.075617,267.09,1,0,2,197.75,-2.39
208,4-Fluoro-phenethylammonium iodide,4FPEAI,[I-].[NH3+]CCc1ccc(F)cc1,48.67273204,8,11,1,1,0,210.075617,267.09,1,0,2,197.75,-2.39
209,4-Fluoro-phenethylammonium iodide,4FPEAI,[I-].[NH3+]CCc1ccc(F)cc1,52.41678835,8,11,1,1,0,210.075617,267.09,1,0,2,197.75,-2.39
210,4-Fluoro-phenethylammonium iodide,4FPEAI,[I-].[NH3+]CCc1ccc(F)cc1,56.16084466,8,11,1,1,0,210.075617,267.09,1,0,2,197.75,-2.39
211,4-Fluorobenzamidinium iodide,4-FPhFAI,[I-].NC(=[NH2+])c1ccc(F)cc1,3.758593083,7,8,2,1,0,180.9125147,266.057,2,0,1,245.1224158,-3.7059
212,4-Fluorobenzamidinium iodide,4-FPhFAI,[I-].NC(=[NH2+])c1ccc(F)cc1,7.517186167,7,8,2,1,0,180.9125147,266.057,2,0,1,245.1224158,-3.7059
213,4-Fluorobenzamidinium iodide,4-FPhFAI,[I-].NC(=[NH2+])c1ccc(F)cc1,11.27577925,7,8,2,1,0,180.9125147,266.057,2,0,1,245.1224158,-3.7059
214,4-Fluorobenzamidinium iodide,4-FPhFAI,[I-].NC(=[NH2+])c1ccc(F)cc1,15.03437233,7,8,2,1,0,180.9125147,266.057,2,0,1,245.1224158,-3.7059
215,4-Fluorobenzamidinium iodide,4-FPhFAI,[I-].NC(=[NH2+])c1ccc(F)cc1,18.79296542,7,8,2,1,0,180.9125147,266.057,2,0,1,245.1224158,-3.7059
216,4-Fluorobenzamidinium iodide,4-FPhFAI,[I-].NC(=[NH2+])c1ccc(F)cc1,22.5515585,7,8,2,1,0,180.9125147,266.057,2,0,1,245.1224158,-3.7059
217,4-Fluorobenzamidinium iodide,4-FPhFAI,[I-].NC(=[NH2+])c1ccc(F)cc1,26.31015158,7,8,2,1,0,180.9125147,266.057,2,0,1,245.1224158,-3.7059
218,4-Fluorobenzamidinium iodide,4-FPhFAI,[I-].NC(=[NH2+])c1ccc(F)cc1,30.06874467,7,8,2,1,0,180.9125147,266.057,2,0,1,245.1224158,-3.7059
219,4-Fluorobenzamidinium iodide,4-FPhFAI,[I-].NC(=[NH2+])c1ccc(F)cc1,33.82733775,7,8,2,1,0,180.9125147,266.057,2,0,1,245.1224158,-3.7059
220,4-Fluorobenzamidinium iodide,4-FPhFAI,[I-].NC(=[NH2+])c1ccc(F)cc1,37.58593083,7,8,2,1,0,180.9125147,266.057,2,0,1,245.1224158,-3.7059
221,4-Fluorobenzamidinium iodide,4-FPhFAI,[I-].NC(=[NH2+])c1ccc(F)cc1,41.34452392,7,8,2,1,0,180.9125147,266.057,2,0,1,245.1224158,-3.7059
222,4-Fluorobenzamidinium iodide,4-FPhFAI,[I-].NC(=[NH2+])c1ccc(F)cc1,45.103117,7,8,2,1,0,180.9125147,266.057,2,0,1,245.1224158,-3.7059
223,4-Fluorobenzamidinium iodide,4-FPhFAI,[I-].NC(=[NH2+])c1ccc(F)cc1,48.86171008,7,8,2,1,0,180.9125147,266.057,2,0,1,245.1224158,-3.7059
224,4-Fluorobenzamidinium iodide,4-FPhFAI,[I-].NC(=[NH2+])c1ccc(F)cc1,52.62030317,7,8,2,1,0,180.9125147,266.057,2,0,1,245.1224158,-3.7059
225,4-Fluorobenzamidinium iodide,4-FPhFAI,[I-].NC(=[NH2+])c1ccc(F)cc1,56.37889625,7,8,2,1,0,180.9125147,266.057,2,0,1,245.1224158,-3.7059
226,4-Methoxy-Phenethylammonium iodide,4MeOPEAI,[I-].COc1ccc(CC[NH3+])cc1,3.582688449,9,14,1,0,1,380.1758005,279.12,1,1,3,210.27,-2.52
227,4-Methoxy-Phenethylammonium iodide,4MeOPEAI,[I-].COc1ccc(CC[NH3+])cc1,7.165376899,9,14,1,0,1,380.1758005,279.12,1,1,3,210.27,-2.52
228,4-Methoxy-Phenethylammonium iodide,4MeOPEAI,[I-].COc1ccc(CC[NH3+])cc1,10.74806535,9,14,1,0,1,380.1758005,279.12,1,1,3,210.27,-2.52
229,4-Methoxy-Phenethylammonium iodide,4MeOPEAI,[I-].COc1ccc(CC[NH3+])cc1,14.3307538,9,14,1,0,1,380.1758005,279.12,1,1,3,210.27,-2.52
230,4-Methoxy-Phenethylammonium iodide,4MeOPEAI,[I-].COc1ccc(CC[NH3+])cc1,17.91344225,9,14,1,0,1,380.1758005,279.12,1,1,3,210.27,-2.52
231,4-Methoxy-Phenethylammonium iodide,4MeOPEAI,[I-].COc1ccc(CC[NH3+])cc1,21.4961307,9,14,1,0,1,380.1758005,279.12,1,1,3,210.27,-2.52
232,4-Methoxy-Phenethylammonium iodide,4MeOPEAI,[I-].COc1ccc(CC[NH3+])cc1,25.07881915,9,14,1,0,1,380.1758005,279.12,1,1,3,210.27,-2.52
233,4-Methoxy-Phenethylammonium iodide,4MeOPEAI,[I-].COc1ccc(CC[NH3+])cc1,28.6615076,9,14,1,0,1,380.1758005,279.12,1,1,3,210.27,-2.52
234,4-Methoxy-Phenethylammonium iodide,4MeOPEAI,[I-].COc1ccc(CC[NH3+])cc1,32.24419604,9,14,1,0,1,380.1758005,279.12,1,1,3,210.27,-2.52
235,4-Methoxy-Phenethylammonium iodide,4MeOPEAI,[I-].COc1ccc(CC[NH3+])cc1,35.82688449,9,14,1,0,1,380.1758005,279.12,1,1,3,210.27,-2.52
236,4-Methoxy-Phenethylammonium iodide,4MeOPEAI,[I-].COc1ccc(CC[NH3+])cc1,39.40957294,9,14,1,0,1,380.1758005,279.12,1,1,3,210.27,-2.52
237,4-Methoxy-Phenethylammonium iodide,4MeOPEAI,[I-].COc1ccc(CC[NH3+])cc1,42.99226139,9,14,1,0,1,380.1758005,279.12,1,1,3,210.27,-2.52
238,4-Methoxy-Phenethylammonium iodide,4MeOPEAI,[I-].COc1ccc(CC[NH3+])cc1,46.57494984,9,14,1,0,1,380.1758005,279.12,1,1,3,210.27,-2.52
239,4-Methoxy-Phenethylammonium iodide,4MeOPEAI,[I-].COc1ccc(CC[NH3+])cc1,50.15763829,9,14,1,0,1,380.1758005,279.12,1,1,3,210.27,-2.52
240,4-Methoxy-Phenethylammonium iodide,4MeOPEAI,[I-].COc1ccc(CC[NH3+])cc1,53.74032674,9,14,1,0,1,380.1758005,279.12,1,1,3,210.27,-2.52
241,amino(4-hydroxyphenyl)methaniminium iodide,4-OHPhFAI,[I-].NC(=[NH2+])c1ccc(O)cc1,3.786932055,7,9,2,0,1,180.9125147,264.066,3,1,1,245.1224158,-4.1394
242,amino(4-hydroxyphenyl)methaniminium iodide,4-OHPhFAI,[I-].NC(=[NH2+])c1ccc(O)cc1,7.57386411,7,9,2,0,1,180.9125147,264.066,3,1,1,245.1224158,-4.1394
243,amino(4-hydroxyphenyl)methaniminium iodide,4-OHPhFAI,[I-].NC(=[NH2+])c1ccc(O)cc1,11.36079616,7,9,2,0,1,180.9125147,264.066,3,1,1,245.1224158,-4.1394
244,amino(4-hydroxyphenyl)methaniminium iodide,4-OHPhFAI,[I-].NC(=[NH2+])c1ccc(O)cc1,15.14772822,7,9,2,0,1,180.9125147,264.066,3,1,1,245.1224158,-4.1394
245,amino(4-hydroxyphenyl)methaniminium iodide,4-OHPhFAI,[I-].NC(=[NH2+])c1ccc(O)cc1,18.93466027,7,9,2,0,1,180.9125147,264.066,3,1,1,245.1224158,-4.1394
246,amino(4-hydroxyphenyl)methaniminium iodide,4-OHPhFAI,[I-].NC(=[NH2+])c1ccc(O)cc1,22.72159233,7,9,2,0,1,180.9125147,264.066,3,1,1,245.1224158,-4.1394
247,amino(4-hydroxyphenyl)methaniminium iodide,4-OHPhFAI,[I-].NC(=[NH2+])c1ccc(O)cc1,26.50852438,7,9,2,0,1,180.9125147,264.066,3,1,1,245.1224158,-4.1394
248,amino(4-hydroxyphenyl)methaniminium iodide,4-OHPhFAI,[I-].NC(=[NH2+])c1ccc(O)cc1,30.29545644,7,9,2,0,1,180.9125147,264.066,3,1,1,245.1224158,-4.1394
249,amino(4-hydroxyphenyl)methaniminium iodide,4-OHPhFAI,[I-].NC(=[NH2+])c1ccc(O)cc1,34.08238849,7,9,2,0,1,180.9125147,264.066,3,1,1,245.1224158,-4.1394
250,amino(4-hydroxyphenyl)methaniminium iodide,4-OHPhFAI,[I-].NC(=[NH2+])c1ccc(O)cc1,37.86932055,7,9,2,0,1,180.9125147,264.066,3,1,1,245.1224158,-4.1394
251,amino(4-hydroxyphenyl)methaniminium iodide,4-OHPhFAI,[I-].NC(=[NH2+])c1ccc(O)cc1,41.6562526,7,9,2,0,1,180.9125147,264.066,3,1,1,245.1224158,-4.1394
252,amino(4-hydroxyphenyl)methaniminium iodide,4-OHPhFAI,[I-].NC(=[NH2+])c1ccc(O)cc1,45.44318466,7,9,2,0,1,180.9125147,264.066,3,1,1,245.1224158,-4.1394
253,amino(4-hydroxyphenyl)methaniminium iodide,4-OHPhFAI,[I-].NC(=[NH2+])c1ccc(O)cc1,49.23011671,7,9,2,0,1,180.9125147,264.066,3,1,1,245.1224158,-4.1394
254,amino(4-hydroxyphenyl)methaniminium iodide,4-OHPhFAI,[I-].NC(=[NH2+])c1ccc(O)cc1,53.01704877,7,9,2,0,1,180.9125147,264.066,3,1,1,245.1224158,-4.1394
255,amino(4-hydroxyphenyl)methaniminium iodide,4-OHPhFAI,[I-].NC(=[NH2+])c1ccc(O)cc1,56.80398082,7,9,2,0,1,180.9125147,264.066,3,1,1,245.1224158,-4.1394
256,Benzamidine iodide,PhFAI,[I-].NC(=N)c1ccccc1,4.047616156,7,8,2,0,0,129.2253387,247.059,2,1,1,208.1059085,-2.02533
257,Benzamidine iodide,PhFAI,[I-].NC(=N)c1ccccc1,8.095232313,7,8,2,0,0,129.2253387,247.059,2,1,1,208.1059085,-2.02533
258,Benzamidine iodide,PhFAI,[I-].NC(=N)c1ccccc1,12.14284847,7,8,2,0,0,129.2253387,247.059,2,1,1,208.1059085,-2.02533
259,Benzamidine iodide,PhFAI,[I-].NC(=N)c1ccccc1,16.19046463,7,8,2,0,0,129.2253387,247.059,2,1,1,208.1059085,-2.02533
260,Benzamidine iodide,PhFAI,[I-].NC(=N)c1ccccc1,20.23808078,7,8,2,0,0,129.2253387,247.059,2,1,1,208.1059085,-2.02533
261,Benzamidine iodide,PhFAI,[I-].NC(=N)c1ccccc1,24.28569694,7,8,2,0,0,129.2253387,247.059,2,1,1,208.1059085,-2.02533
262,Benzamidine iodide,PhFAI,[I-].NC(=N)c1ccccc1,28.3333131,7,8,2,0,0,129.2253387,247.059,2,1,1,208.1059085,-2.02533
263,Benzamidine iodide,PhFAI,[I-].NC(=N)c1ccccc1,32.38092925,7,8,2,0,0,129.2253387,247.059,2,1,1,208.1059085,-2.02533
264,Benzamidine iodide,PhFAI,[I-].NC(=N)c1ccccc1,36.42854541,7,8,2,0,0,129.2253387,247.059,2,1,1,208.1059085,-2.02533
265,Benzamidine iodide,PhFAI,[I-].NC(=N)c1ccccc1,40.47616156,7,8,2,0,0,129.2253387,247.059,2,1,1,208.1059085,-2.02533
266,Benzamidine iodide,PhFAI,[I-].NC(=N)c1ccccc1,44.52377772,7,8,2,0,0,129.2253387,247.059,2,1,1,208.1059085,-2.02533
267,Benzamidine iodide,PhFAI,[I-].NC(=N)c1ccccc1,48.57139388,7,8,2,0,0,129.2253387,247.059,2,1,1,208.1059085,-2.02533
268,Benzamidine iodide,PhFAI,[I-].NC(=N)c1ccccc1,52.61901003,7,8,2,0,0,129.2253387,247.059,2,1,1,208.1059085,-2.02533
269,Benzamidine iodide,PhFAI,[I-].NC(=N)c1ccccc1,56.66662619,7,8,2,0,0,129.2253387,247.059,2,1,1,208.1059085,-2.02533
270,Benzamidine iodide,PhFAI,[I-].NC(=N)c1ccccc1,60.71424235,7,8,2,0,0,129.2253387,247.059,2,1,1,208.1059085,-2.02533
271,Benzylammonium iodide,BnAI,[I-].[NH3+]Cc1ccccc1,4.254051985,7,10,1,0,0,91.36757728,235.07,1,0,1,150.26,-2.57
272,Benzylammonium iodide,BnAI,[I-].[NH3+]Cc1ccccc1,8.508103969,7,10,1,0,0,91.36757728,235.07,1,0,1,150.26,-2.57
273,Benzylammonium iodide,BnAI,[I-].[NH3+]Cc1ccccc1,12.76215595,7,10,1,0,0,91.36757728,235.07,1,0,1,150.26,-2.57
274,Benzylammonium iodide,BnAI,[I-].[NH3+]Cc1ccccc1,17.01620794,7,10,1,0,0,91.36757728,235.07,1,0,1,150.26,-2.57
275,Benzylammonium iodide,BnAI,[I-].[NH3+]Cc1ccccc1,21.27025992,7,10,1,0,0,91.36757728,235.07,1,0,1,150.26,-2.57
276,Benzylammonium iodide,BnAI,[I-].[NH3+]Cc1ccccc1,25.52431191,7,10,1,0,0,91.36757728,235.07,1,0,1,150.26,-2.57
277,Benzylammonium iodide,BnAI,[I-].[NH3+]Cc1ccccc1,29.77836389,7,10,1,0,0,91.36757728,235.07,1,0,1,150.26,-2.57
278,Benzylammonium iodide,BnAI,[I-].[NH3+]Cc1ccccc1,34.03241588,7,10,1,0,0,91.36757728,235.07,1,0,1,150.26,-2.57
279,Benzylammonium iodide,BnAI,[I-].[NH3+]Cc1ccccc1,38.28646786,7,10,1,0,0,91.36757728,235.07,1,0,1,150.26,-2.57
280,Benzylammonium iodide,BnAI,[I-].[NH3+]Cc1ccccc1,42.54051985,7,10,1,0,0,91.36757728,235.07,1,0,1,150.26,-2.57
281,Benzylammonium iodide,BnAI,[I-].[NH3+]Cc1ccccc1,46.79457183,7,10,1,0,0,91.36757728,235.07,1,0,1,150.26,-2.57
282,Benzylammonium iodide,BnAI,[I-].[NH3+]Cc1ccccc1,51.04862381,7,10,1,0,0,91.36757728,235.07,1,0,1,150.26,-2.57
283,Benzylammonium iodide,BnAI,[I-].[NH3+]Cc1ccccc1,55.3026758,7,10,1,0,0,91.36757728,235.07,1,0,1,150.26,-2.57
284,Benzylammonium iodide,BnAI,[I-].[NH3+]Cc1ccccc1,59.55672778,7,10,1,0,0,91.36757728,235.07,1,0,1,150.26,-2.57
285,Benzylammonium iodide,BnAI,[I-].[NH3+]Cc1ccccc1,63.81077977,7,10,1,0,0,91.36757728,235.07,1,0,1,150.26,-2.57
286,Butyldimethylsulfonium iodide,BDMSI,[I-].CCCC[S+](C)C,4.06244795,6,15,0,0,0,29.01955001,246.157,0,0,3,37.509775,-1.3316
287,Butyldimethylsulfonium iodide,BDMSI,[I-].CCCC[S+](C)C,8.1248959,6,15,0,0,0,29.01955001,246.157,0,0,3,37.509775,-1.3316
288,Butyldimethylsulfonium iodide,BDMSI,[I-].CCCC[S+](C)C,12.18734385,6,15,0,0,0,29.01955001,246.157,0,0,3,37.509775,-1.3316
289,Butyldimethylsulfonium iodide,BDMSI,[I-].CCCC[S+](C)C,16.2497918,6,15,0,0,0,29.01955001,246.157,0,0,3,37.509775,-1.3316
290,Butyldimethylsulfonium iodide,BDMSI,[I-].CCCC[S+](C)C,20.31223975,6,15,0,0,0,29.01955001,246.157,0,0,3,37.509775,-1.3316
291,Butyldimethylsulfonium iodide,BDMSI,[I-].CCCC[S+](C)C,24.3746877,6,15,0,0,0,29.01955001,246.157,0,0,3,37.509775,-1.3316
292,Butyldimethylsulfonium iodide,BDMSI,[I-].CCCC[S+](C)C,28.43713565,6,15,0,0,0,29.01955001,246.157,0,0,3,37.509775,-1.3316
293,Butyldimethylsulfonium iodide,BDMSI,[I-].CCCC[S+](C)C,32.4995836,6,15,0,0,0,29.01955001,246.157,0,0,3,37.509775,-1.3316
294,Butyldimethylsulfonium iodide,BDMSI,[I-].CCCC[S+](C)C,36.56203155,6,15,0,0,0,29.01955001,246.157,0,0,3,37.509775,-1.3316
295,Butyldimethylsulfonium iodide,BDMSI,[I-].CCCC[S+](C)C,40.6244795,6,15,0,0,0,29.01955001,246.157,0,0,3,37.509775,-1.3316
296,Butyldimethylsulfonium iodide,BDMSI,[I-].CCCC[S+](C)C,44.68692745,6,15,0,0,0,29.01955001,246.157,0,0,3,37.509775,-1.3316
297,Butyldimethylsulfonium iodide,BDMSI,[I-].CCCC[S+](C)C,48.7493754,6,15,0,0,0,29.01955001,246.157,0,0,3,37.509775,-1.3316
298,Butyldimethylsulfonium iodide,BDMSI,[I-].CCCC[S+](C)C,52.81182335,6,15,0,0,0,29.01955001,246.157,0,0,3,37.509775,-1.3316
299,Butyldimethylsulfonium iodide,BDMSI,[I-].CCCC[S+](C)C,56.8742713,6,15,0,0,0,29.01955001,246.157,0,0,3,37.509775,-1.3316
300,Butyldimethylsulfonium iodide,BDMSI,[I-].CCCC[S+](C)C,60.93671925,6,15,0,0,0,29.01955001,246.157,0,0,3,37.509775,-1.3316
301,Cyclohexylmethylammonium iodide,CHMAI,[I-].[NH3+]CC1CCCCC1,4.147312541,7,16,1,0,0,91.36757728,241.12,1,0,1,59.94,-2.19
302,Cyclohexylmethylammonium iodide,CHMAI,[I-].[NH3+]CC1CCCCC1,8.294625083,7,16,1,0,0,91.36757728,241.12,1,0,1,59.94,-2.19
303,Cyclohexylmethylammonium iodide,CHMAI,[I-].[NH3+]CC1CCCCC1,12.44193762,7,16,1,0,0,91.36757728,241.12,1,0,1,59.94,-2.19
304,Cyclohexylmethylammonium iodide,CHMAI,[I-].[NH3+]CC1CCCCC1,16.58925017,7,16,1,0,0,91.36757728,241.12,1,0,1,59.94,-2.19
305,Cyclohexylmethylammonium iodide,CHMAI,[I-].[NH3+]CC1CCCCC1,20.73656271,7,16,1,0,0,91.36757728,241.12,1,0,1,59.94,-2.19
306,Cyclohexylmethylammonium iodide,CHMAI,[I-].[NH3+]CC1CCCCC1,24.88387525,7,16,1,0,0,91.36757728,241.12,1,0,1,59.94,-2.19
307,Cyclohexylmethylammonium iodide,CHMAI,[I-].[NH3+]CC1CCCCC1,29.03118779,7,16,1,0,0,91.36757728,241.12,1,0,1,59.94,-2.19
308,Cyclohexylmethylammonium iodide,CHMAI,[I-].[NH3+]CC1CCCCC1,33.17850033,7,16,1,0,0,91.36757728,241.12,1,0,1,59.94,-2.19
309,Cyclohexylmethylammonium iodide,CHMAI,[I-].[NH3+]CC1CCCCC1,37.32581287,7,16,1,0,0,91.36757728,241.12,1,0,1,59.94,-2.19
310,Cyclohexylmethylammonium iodide,CHMAI,[I-].[NH3+]CC1CCCCC1,41.47312541,7,16,1,0,0,91.36757728,241.12,1,0,1,59.94,-2.19
311,Cyclohexylmethylammonium iodide,CHMAI,[I-].[NH3+]CC1CCCCC1,45.62043796,7,16,1,0,0,91.36757728,241.12,1,0,1,59.94,-2.19
312,Cyclohexylmethylammonium iodide,CHMAI,[I-].[NH3+]CC1CCCCC1,49.7677505,7,16,1,0,0,91.36757728,241.12,1,0,1,59.94,-2.19
313,Cyclohexylmethylammonium iodide,CHMAI,[I-].[NH3+]CC1CCCCC1,53.91506304,7,16,1,0,0,91.36757728,241.12,1,0,1,59.94,-2.19
314,Cyclohexylmethylammonium iodide,CHMAI,[I-].[NH3+]CC1CCCCC1,58.06237558,7,16,1,0,0,91.36757728,241.12,1,0,1,59.94,-2.19
315,Cyclohexylmethylammonium iodide,CHMAI,[I-].[NH3+]CC1CCCCC1,62.20968812,7,16,1,0,0,91.36757728,241.12,1,0,1,59.94,-2.19
316,Dipropylammonium iodide,DipI,[I-].CCC[NH2+]CCC,4.364810895,6,16,1,0,0,35.50960993,229.105,1,0,4,27.70950594,-2.6262
317,Dipropylammonium iodide,DipI,[I-].CCC[NH2+]CCC,8.729621789,6,16,1,0,0,35.50960993,229.105,1,0,4,27.70950594,-2.6262
318,Dipropylammonium iodide,DipI,[I-].CCC[NH2+]CCC,13.09443268,6,16,1,0,0,35.50960993,229.105,1,0,4,27.70950594,-2.6262
319,Dipropylammonium iodide,DipI,[I-].CCC[NH2+]CCC,17.45924358,6,16,1,0,0,35.50960993,229.105,1,0,4,27.70950594,-2.6262
320,Dipropylammonium iodide,DipI,[I-].CCC[NH2+]CCC,21.82405447,6,16,1,0,0,35.50960993,229.105,1,0,4,27.70950594,-2.6262
321,Dipropylammonium iodide,DipI,[I-].CCC[NH2+]CCC,26.18886537,6,16,1,0,0,35.50960993,229.105,1,0,4,27.70950594,-2.6262
322,Dipropylammonium iodide,DipI,[I-].CCC[NH2+]CCC,30.55367626,6,16,1,0,0,35.50960993,229.105,1,0,4,27.70950594,-2.6262
323,Dipropylammonium iodide,DipI,[I-].CCC[NH2+]CCC,34.91848716,6,16,1,0,0,35.50960993,229.105,1,0,4,27.70950594,-2.6262
324,Dipropylammonium iodide,DipI,[I-].CCC[NH2+]CCC,39.28329805,6,16,1,0,0,35.50960993,229.105,1,0,4,27.70950594,-2.6262
325,Dipropylammonium iodide,DipI,[I-].CCC[NH2+]CCC,43.64810895,6,16,1,0,0,35.50960993,229.105,1,0,4,27.70950594,-2.6262
326,Dipropylammonium iodide,DipI,[I-].CCC[NH2+]CCC,48.01291984,6,16,1,0,0,35.50960993,229.105,1,0,4,27.70950594,-2.6262
327,Dipropylammonium iodide,DipI,[I-].CCC[NH2+]CCC,52.37773073,6,16,1,0,0,35.50960993,229.105,1,0,4,27.70950594,-2.6262
328,Dipropylammonium iodide,DipI,[I-].CCC[NH2+]CCC,56.74254163,6,16,1,0,0,35.50960993,229.105,1,0,4,27.70950594,-2.6262
329,Dipropylammonium iodide,DipI,[I-].CCC[NH2+]CCC,61.10735252,6,16,1,0,0,35.50960993,229.105,1,0,4,27.70950594,-2.6262
330,Dipropylammonium iodide,DipI,[I-].CCC[NH2+]CCC,65.47216342,6,16,1,0,0,35.50960993,229.105,1,0,4,27.70950594,-2.6262
331,Ethylammonium iodide,EAI,[I-].CC[NH3+],5.780346821,2,8,1,0,0,2.754887502,173,1,0,0,6,-3.75
332,Ethylammonium iodide,EAI,[I-].CC[NH3+],11.56069364,2,8,1,0,0,2.754887502,173,1,0,0,6,-3.75
333,Ethylammonium iodide,EAI,[I-].CC[NH3+],17.34104046,2,8,1,0,0,2.754887502,173,1,0,0,6,-3.75
334,Ethylammonium iodide,EAI,[I-].CC[NH3+],23.12138728,2,8,1,0,0,2.754887502,173,1,0,0,6,-3.75
335,Ethylammonium iodide,EAI,[I-].CC[NH3+],28.9017341,2,8,1,0,0,2.754887502,173,1,0,0,6,-3.75
336,Ethylammonium iodide,EAI,[I-].CC[NH3+],34.68208092,2,8,1,0,0,2.754887502,173,1,0,0,6,-3.75
337,Ethylammonium iodide,EAI,[I-].CC[NH3+],40.46242775,2,8,1,0,0,2.754887502,173,1,0,0,6,-3.75
338,Ethylammonium iodide,EAI,[I-].CC[NH3+],46.24277457,2,8,1,0,0,2.754887502,173,1,0,0,6,-3.75
339,Ethylammonium iodide,EAI,[I-].CC[NH3+],52.02312139,2,8,1,0,0,2.754887502,173,1,0,0,6,-3.75
340,Ethylammonium iodide,EAI,[I-].CC[NH3+],57.80346821,2,8,1,0,0,2.754887502,173,1,0,0,6,-3.75
341,Ethylammonium iodide,EAI,[I-].CC[NH3+],63.58381503,2,8,1,0,0,2.754887502,173,1,0,0,6,-3.75
342,Ethylammonium iodide,EAI,[I-].CC[NH3+],69.36416185,2,8,1,0,0,2.754887502,173,1,0,0,6,-3.75
343,Ethylammonium iodide,EAI,[I-].CC[NH3+],75.14450867,2,8,1,0,0,2.754887502,173,1,0,0,6,-3.75
344,Ethylammonium iodide,EAI,[I-].CC[NH3+],80.92485549,2,8,1,0,0,2.754887502,173,1,0,0,6,-3.75
345,Ethylammonium iodide,EAI,[I-].CC[NH3+],86.70520231,2,8,1,0,0,2.754887502,173,1,0,0,6,-3.75
346,Guanidinium iodide,GAI,[I-].NC([NH3+])=N,5.348165579,1,6,3,0,0,3.245112498,186.98,3,1,0,29.87,-4.87
347,Guanidinium iodide,GAI,[I-].NC([NH3+])=N,10.69633116,1,6,3,0,0,3.245112498,186.98,3,1,0,29.87,-4.87
348,Guanidinium iodide,GAI,[I-].NC([NH3+])=N,16.04449674,1,6,3,0,0,3.245112498,186.98,3,1,0,29.87,-4.87
349,Guanidinium iodide,GAI,[I-].NC([NH3+])=N,21.39266232,1,6,3,0,0,3.245112498,186.98,3,1,0,29.87,-4.87
350,Guanidinium iodide,GAI,[I-].NC([NH3+])=N,26.7408279,1,6,3,0,0,3.245112498,186.98,3,1,0,29.87,-4.87
351,Guanidinium iodide,GAI,[I-].NC([NH3+])=N,32.08899348,1,6,3,0,0,3.245112498,186.98,3,1,0,29.87,-4.87
352,Guanidinium iodide,GAI,[I-].NC([NH3+])=N,37.43715905,1,6,3,0,0,3.245112498,186.98,3,1,0,29.87,-4.87
353,Guanidinium iodide,GAI,[I-].NC([NH3+])=N,42.78532463,1,6,3,0,0,3.245112498,186.98,3,1,0,29.87,-4.87
354,Guanidinium iodide,GAI,[I-].NC([NH3+])=N,48.13349021,1,6,3,0,0,3.245112498,186.98,3,1,0,29.87,-4.87
355,Guanidinium iodide,GAI,[I-].NC([NH3+])=N,53.48165579,1,6,3,0,0,3.245112498,186.98,3,1,0,29.87,-4.87
356,Guanidinium iodide,GAI,[I-].NC([NH3+])=N,58.82982137,1,6,3,0,0,3.245112498,186.98,3,1,0,29.87,-4.87
357,Guanidinium iodide,GAI,[I-].NC([NH3+])=N,64.17798695,1,6,3,0,0,3.245112498,186.98,3,1,0,29.87,-4.87
358,Guanidinium iodide,GAI,[I-].NC([NH3+])=N,69.52615253,1,6,3,0,0,3.245112498,186.98,3,1,0,29.87,-4.87
359,Guanidinium iodide,GAI,[I-].NC([NH3+])=N,74.87431811,1,6,3,0,0,3.245112498,186.98,3,1,0,29.87,-4.87
360,Guanidinium iodide,GAI,[I-].NC([NH3+])=N,80.22248369,1,6,3,0,0,3.245112498,186.98,3,1,0,29.87,-4.87
361,Hexylammonium iodide,HAI,[I-].CCCCCC[NH3+],4.364810895,6,16,1,0,0,35.50960993,229.105,1,0,4,27.70950594,-2.1874
362,Hexylammonium iodide,HAI,[I-].CCCCCC[NH3+],8.729621789,6,16,1,0,0,35.50960993,229.105,1,0,4,27.70950594,-2.1874
363,Hexylammonium iodide,HAI,[I-].CCCCCC[NH3+],13.09443268,6,16,1,0,0,35.50960993,229.105,1,0,4,27.70950594,-2.1874
364,Hexylammonium iodide,HAI,[I-].CCCCCC[NH3+],17.45924358,6,16,1,0,0,35.50960993,229.105,1,0,4,27.70950594,-2.1874
365,Hexylammonium iodide,HAI,[I-].CCCCCC[NH3+],21.82405447,6,16,1,0,0,35.50960993,229.105,1,0,4,27.70950594,-2.1874
366,Hexylammonium iodide,HAI,[I-].CCCCCC[NH3+],26.18886537,6,16,1,0,0,35.50960993,229.105,1,0,4,27.70950594,-2.1874
367,Hexylammonium iodide,HAI,[I-].CCCCCC[NH3+],30.55367626,6,16,1,0,0,35.50960993,229.105,1,0,4,27.70950594,-2.1874
368,Hexylammonium iodide,HAI,[I-].CCCCCC[NH3+],34.91848716,6,16,1,0,0,35.50960993,229.105,1,0,4,27.70950594,-2.1874
369,Hexylammonium iodide,HAI,[I-].CCCCCC[NH3+],39.28329805,6,16,1,0,0,35.50960993,229.105,1,0,4,27.70950594,-2.1874
370,Hexylammonium iodide,HAI,[I-].CCCCCC[NH3+],43.64810895,6,16,1,0,0,35.50960993,229.105,1,0,4,27.70950594,-2.1874
371,Hexylammonium iodide,HAI,[I-].CCCCCC[NH3+],48.01291984,6,16,1,0,0,35.50960993,229.105,1,0,4,27.70950594,-2.1874
372,Hexylammonium iodide,HAI,[I-].CCCCCC[NH3+],52.37773073,6,16,1,0,0,35.50960993,229.105,1,0,4,27.70950594,-2.1874
373,Hexylammonium iodide,HAI,[I-].CCCCCC[NH3+],56.74254163,6,16,1,0,0,35.50960993,229.105,1,0,4,27.70950594,-2.1874
374,Hexylammonium iodide,HAI,[I-].CCCCCC[NH3+],61.10735252,6,16,1,0,0,35.50960993,229.105,1,0,4,27.70950594,-2.1874
375,Hexylammonium iodide,HAI,[I-].CCCCCC[NH3+],65.47216342,6,16,1,0,0,35.50960993,229.105,1,0,4,27.70950594,-2.1874
376,i-Butylammonium iodide,i-BAI,[I-].CC(C)C[NH3+],4.973862353,4,12,1,0,0,9.651484454,201.051,1,0,1,21.509775,-3.1117
377,i-Butylammonium iodide,i-BAI,[I-].CC(C)C[NH3+],9.947724707,4,12,1,0,0,9.651484454,201.051,1,0,1,21.509775,-3.1117
378,i-Butylammonium iodide,i-BAI,[I-].CC(C)C[NH3+],14.92158706,4,12,1,0,0,9.651484454,201.051,1,0,1,21.509775,-3.1117
379,i-Butylammonium iodide,i-BAI,[I-].CC(C)C[NH3+],19.89544941,4,12,1,0,0,9.651484454,201.051,1,0,1,21.509775,-3.1117
380,i-Butylammonium iodide,i-BAI,[I-].CC(C)C[NH3+],24.86931177,4,12,1,0,0,9.651484454,201.051,1,0,1,21.509775,-3.1117
381,i-Butylammonium iodide,i-BAI,[I-].CC(C)C[NH3+],29.84317412,4,12,1,0,0,9.651484454,201.051,1,0,1,21.509775,-3.1117
382,i-Butylammonium iodide,i-BAI,[I-].CC(C)C[NH3+],34.81703647,4,12,1,0,0,9.651484454,201.051,1,0,1,21.509775,-3.1117
383,i-Butylammonium iodide,i-BAI,[I-].CC(C)C[NH3+],39.79089883,4,12,1,0,0,9.651484454,201.051,1,0,1,21.509775,-3.1117
384,i-Butylammonium iodide,i-BAI,[I-].CC(C)C[NH3+],44.76476118,4,12,1,0,0,9.651484454,201.051,1,0,1,21.509775,-3.1117
385,i-Butylammonium iodide,i-BAI,[I-].CC(C)C[NH3+],49.73862353,4,12,1,0,0,9.651484454,201.051,1,0,1,21.509775,-3.1117
386,i-Butylammonium iodide,i-BAI,[I-].CC(C)C[NH3+],54.71248589,4,12,1,0,0,9.651484454,201.051,1,0,1,21.509775,-3.1117
387,i-Butylammonium iodide,i-BAI,[I-].CC(C)C[NH3+],59.68634824,4,12,1,0,0,9.651484454,201.051,1,0,1,21.509775,-3.1117
388,i-Butylammonium iodide,i-BAI,[I-].CC(C)C[NH3+],64.66021059,4,12,1,0,0,9.651484454,201.051,1,0,1,21.509775,-3.1117
389,i-Butylammonium iodide,i-BAI,[I-].CC(C)C[NH3+],69.63407295,4,12,1,0,0,9.651484454,201.051,1,0,1,21.509775,-3.1117
390,i-Butylammonium iodide,i-BAI,[I-].CC(C)C[NH3+],74.6079353,4,12,1,0,0,9.651484454,201.051,1,0,1,21.509775,-3.1117
391,n-Butylammonium iodide,n-BAI,[I-].CCCC[NH3+],4.973887093,4,12,1,0,0,11.2451125,201.05,1,0,2,15.02,-2.97
392,n-Butylammonium iodide,n-BAI,[I-].CCCC[NH3+],9.947774186,4,12,1,0,0,11.2451125,201.05,1,0,2,15.02,-2.97
393,n-Butylammonium iodide,n-BAI,[I-].CCCC[NH3+],14.92166128,4,12,1,0,0,11.2451125,201.05,1,0,2,15.02,-2.97
394,n-Butylammonium iodide,n-BAI,[I-].CCCC[NH3+],19.89554837,4,12,1,0,0,11.2451125,201.05,1,0,2,15.02,-2.97
395,n-Butylammonium iodide,n-BAI,[I-].CCCC[NH3+],24.86943546,4,12,1,0,0,11.2451125,201.05,1,0,2,15.02,-2.97
396,n-Butylammonium iodide,n-BAI,[I-].CCCC[NH3+],29.84332256,4,12,1,0,0,11.2451125,201.05,1,0,2,15.02,-2.97
397,n-Butylammonium iodide,n-BAI,[I-].CCCC[NH3+],34.81720965,4,12,1,0,0,11.2451125,201.05,1,0,2,15.02,-2.97
398,n-Butylammonium iodide,n-BAI,[I-].CCCC[NH3+],39.79109674,4,12,1,0,0,11.2451125,201.05,1,0,2,15.02,-2.97
399,n-Butylammonium iodide,n-BAI,[I-].CCCC[NH3+],44.76498383,4,12,1,0,0,11.2451125,201.05,1,0,2,15.02,-2.97
400,n-Butylammonium iodide,n-BAI,[I-].CCCC[NH3+],49.73887093,4,12,1,0,0,11.2451125,201.05,1,0,2,15.02,-2.97
401,n-Butylammonium iodide,n-BAI,[I-].CCCC[NH3+],54.71275802,4,12,1,0,0,11.2451125,201.05,1,0,2,15.02,-2.97
402,n-Butylammonium iodide,n-BAI,[I-].CCCC[NH3+],59.68664511,4,12,1,0,0,11.2451125,201.05,1,0,2,15.02,-2.97
403,n-Butylammonium iodide,n-BAI,[I-].CCCC[NH3+],64.66053221,4,12,1,0,0,11.2451125,201.05,1,0,2,15.02,-2.97
404,n-Butylammonium iodide,n-BAI,[I-].CCCC[NH3+],69.6344193,4,12,1,0,0,11.2451125,201.05,1,0,2,15.02,-2.97
405,n-Butylammonium iodide,n-BAI,[I-].CCCC[NH3+],74.60830639,4,12,1,0,0,11.2451125,201.05,1,0,2,15.02,-2.97
406,naphthalen-1-aminium iodide,NMAI,[I-].[NH3+]Cc1cccc2ccccc12,3.688675765,10,10,1,0,0,505.763735,271.1,1,0,0,379,-1.28
407,naphthalen-1-aminium iodide,NMAI,[I-].[NH3+]Cc1cccc2ccccc12,7.377351531,10,10,1,0,0,505.763735,271.1,1,0,0,379,-1.28
408,naphthalen-1-aminium iodide,NMAI,[I-].[NH3+]Cc1cccc2ccccc12,11.0660273,10,10,1,0,0,505.763735,271.1,1,0,0,379,-1.28
409,naphthalen-1-aminium iodide,NMAI,[I-].[NH3+]Cc1cccc2ccccc12,14.75470306,10,10,1,0,0,505.763735,271.1,1,0,0,379,-1.28
410,naphthalen-1-aminium iodide,NMAI,[I-].[NH3+]Cc1cccc2ccccc12,18.44337883,10,10,1,0,0,505.763735,271.1,1,0,0,379,-1.28
411,naphthalen-1-aminium iodide,NMAI,[I-].[NH3+]Cc1cccc2ccccc12,22.13205459,10,10,1,0,0,505.763735,271.1,1,0,0,379,-1.28
412,naphthalen-1-aminium iodide,NMAI,[I-].[NH3+]Cc1cccc2ccccc12,25.82073036,10,10,1,0,0,505.763735,271.1,1,0,0,379,-1.28
413,naphthalen-1-aminium iodide,NMAI,[I-].[NH3+]Cc1cccc2ccccc12,29.50940612,10,10,1,0,0,505.763735,271.1,1,0,0,379,-1.28
414,naphthalen-1-aminium iodide,NMAI,[I-].[NH3+]Cc1cccc2ccccc12,33.19808189,10,10,1,0,0,505.763735,271.1,1,0,0,379,-1.28
415,naphthalen-1-aminium iodide,NMAI,[I-].[NH3+]Cc1cccc2ccccc12,36.88675765,10,10,1,0,0,505.763735,271.1,1,0,0,379,-1.28
416,naphthalen-1-aminium iodide,NMAI,[I-].[NH3+]Cc1cccc2ccccc12,40.57543342,10,10,1,0,0,505.763735,271.1,1,0,0,379,-1.28
417,naphthalen-1-aminium iodide,NMAI,[I-].[NH3+]Cc1cccc2ccccc12,44.26410918,10,10,1,0,0,505.763735,271.1,1,0,0,379,-1.28
418,naphthalen-1-aminium iodide,NMAI,[I-].[NH3+]Cc1cccc2ccccc12,47.95278495,10,10,1,0,0,505.763735,271.1,1,0,0,379,-1.28
419,naphthalen-1-aminium iodide,NMAI,[I-].[NH3+]Cc1cccc2ccccc12,51.64146072,10,10,1,0,0,505.763735,271.1,1,0,0,379,-1.28
420,naphthalen-1-aminium iodide,NMAI,[I-].[NH3+]Cc1cccc2ccccc12,55.33013648,10,10,1,0,0,505.763735,271.1,1,0,0,379,-1.28
421,naphthalen-2-aminium iodide,2NMAI,[I-].[NH3+]c1ccc2ccccc2c1,3.688675765,10,10,1,0,0,487.852973,271.1,1,0,0,384.25,-1.28
422,naphthalen-2-aminium iodide,2NMAI,[I-].[NH3+]c1ccc2ccccc2c1,7.377351531,10,10,1,0,0,487.852973,271.1,1,0,0,384.25,-1.28
423,naphthalen-2-aminium iodide,2NMAI,[I-].[NH3+]c1ccc2ccccc2c1,11.0660273,10,10,1,0,0,487.852973,271.1,1,0,0,384.25,-1.28
424,naphthalen-2-aminium iodide,2NMAI,[I-].[NH3+]c1ccc2ccccc2c1,14.75470306,10,10,1,0,0,487.852973,271.1,1,0,0,384.25,-1.28
425,naphthalen-2-aminium iodide,2NMAI,[I-].[NH3+]c1ccc2ccccc2c1,18.44337883,10,10,1,0,0,487.852973,271.1,1,0,0,384.25,-1.28
426,naphthalen-2-aminium iodide,2NMAI,[I-].[NH3+]c1ccc2ccccc2c1,22.13205459,10,10,1,0,0,487.852973,271.1,1,0,0,384.25,-1.28
427,naphthalen-2-aminium iodide,2NMAI,[I-].[NH3+]c1ccc2ccccc2c1,25.82073036,10,10,1,0,0,487.852973,271.1,1,0,0,384.25,-1.28
428,naphthalen-2-aminium iodide,2NMAI,[I-].[NH3+]c1ccc2ccccc2c1,29.50940612,10,10,1,0,0,487.852973,271.1,1,0,0,384.25,-1.28
429,naphthalen-2-aminium iodide,2NMAI,[I-].[NH3+]c1ccc2ccccc2c1,33.19808189,10,10,1,0,0,487.852973,271.1,1,0,0,384.25,-1.28
430,naphthalen-2-aminium iodide,2NMAI,[I-].[NH3+]c1ccc2ccccc2c1,36.88675765,10,10,1,0,0,487.852973,271.1,1,0,0,384.25,-1.28
431,naphthalen-2-aminium iodide,2NMAI,[I-].[NH3+]c1ccc2ccccc2c1,40.57543342,10,10,1,0,0,487.852973,271.1,1,0,0,384.25,-1.28
432,naphthalen-2-aminium iodide,2NMAI,[I-].[NH3+]c1ccc2ccccc2c1,44.26410918,10,10,1,0,0,487.852973,271.1,1,0,0,384.25,-1.28
433,naphthalen-2-aminium iodide,2NMAI,[I-].[NH3+]c1ccc2ccccc2c1,47.95278495,10,10,1,0,0,487.852973,271.1,1,0,0,384.25,-1.28
434,naphthalen-2-aminium iodide,2NMAI,[I-].[NH3+]c1ccc2ccccc2c1,51.64146072,10,10,1,0,0,487.852973,271.1,1,0,0,384.25,-1.28
435,naphthalen-2-aminium iodide,2NMAI,[I-].[NH3+]c1ccc2ccccc2c1,55.33013648,10,10,1,0,0,487.852973,271.1,1,0,0,384.25,-1.28
436,Octylammonium iodide,OAI,[I-].CCCCCCCC[NH3+],3.888629647,8,20,1,0,0,103.687916,257.16,1,0,6,42.52,-1.41
437,Octylammonium iodide,OAI,[I-].CCCCCCCC[NH3+],7.777259294,8,20,1,0,0,103.687916,257.16,1,0,6,42.52,-1.41
438,Octylammonium iodide,OAI,[I-].CCCCCCCC[NH3+],11.66588894,8,20,1,0,0,103.687916,257.16,1,0,6,42.52,-1.41
439,Octylammonium iodide,OAI,[I-].CCCCCCCC[NH3+],15.55451859,8,20,1,0,0,103.687916,257.16,1,0,6,42.52,-1.41
440,Octylammonium iodide,OAI,[I-].CCCCCCCC[NH3+],19.44314823,8,20,1,0,0,103.687916,257.16,1,0,6,42.52,-1.41
441,Octylammonium iodide,OAI,[I-].CCCCCCCC[NH3+],23.33177788,8,20,1,0,0,103.687916,257.16,1,0,6,42.52,-1.41
442,Octylammonium iodide,OAI,[I-].CCCCCCCC[NH3+],27.22040753,8,20,1,0,0,103.687916,257.16,1,0,6,42.52,-1.41
443,Octylammonium iodide,OAI,[I-].CCCCCCCC[NH3+],31.10903718,8,20,1,0,0,103.687916,257.16,1,0,6,42.52,-1.41
444,Octylammonium iodide,OAI,[I-].CCCCCCCC[NH3+],34.99766682,8,20,1,0,0,103.687916,257.16,1,0,6,42.52,-1.41
445,Octylammonium iodide,OAI,[I-].CCCCCCCC[NH3+],38.88629647,8,20,1,0,0,103.687916,257.16,1,0,6,42.52,-1.41
446,Octylammonium iodide,OAI,[I-].CCCCCCCC[NH3+],42.77492612,8,20,1,0,0,103.687916,257.16,1,0,6,42.52,-1.41
447,Octylammonium iodide,OAI,[I-].CCCCCCCC[NH3+],46.66355576,8,20,1,0,0,103.687916,257.16,1,0,6,42.52,-1.41
448,Octylammonium iodide,OAI,[I-].CCCCCCCC[NH3+],50.55218541,8,20,1,0,0,103.687916,257.16,1,0,6,42.52,-1.41
449,Octylammonium iodide,OAI,[I-].CCCCCCCC[NH3+],54.44081506,8,20,1,0,0,103.687916,257.16,1,0,6,42.52,-1.41
450,Octylammonium iodide,OAI,[I-].CCCCCCCC[NH3+],58.3294447,8,20,1,0,0,103.687916,257.16,1,0,6,42.52,-1.41
451,piperidin-1-ium iodide,C5H12IN,[I-].C1CC[NH2+]CC1,4.693469507,5,12,1,0,0,34.39946188,213.062,1,0,0,23.55161898,-3.2623
452,piperidin-1-ium iodide,C5H12IN,[I-].C1CC[NH2+]CC1,9.386939013,5,12,1,0,0,34.39946188,213.062,1,0,0,23.55161898,-3.2623
453,piperidin-1-ium iodide,C5H12IN,[I-].C1CC[NH2+]CC1,14.08040852,5,12,1,0,0,34.39946188,213.062,1,0,0,23.55161898,-3.2623
454,piperidin-1-ium iodide,C5H12IN,[I-].C1CC[NH2+]CC1,18.77387803,5,12,1,0,0,34.39946188,213.062,1,0,0,23.55161898,-3.2623
455,piperidin-1-ium iodide,C5H12IN,[I-].C1CC[NH2+]CC1,23.46734753,5,12,1,0,0,34.39946188,213.062,1,0,0,23.55161898,-3.2623
456,piperidin-1-ium iodide,C5H12IN,[I-].C1CC[NH2+]CC1,28.16081704,5,12,1,0,0,34.39946188,213.062,1,0,0,23.55161898,-3.2623
457,piperidin-1-ium iodide,C5H12IN,[I-].C1CC[NH2+]CC1,32.85428655,5,12,1,0,0,34.39946188,213.062,1,0,0,23.55161898,-3.2623
458,piperidin-1-ium iodide,C5H12IN,[I-].C1CC[NH2+]CC1,37.54775605,5,12,1,0,0,34.39946188,213.062,1,0,0,23.55161898,-3.2623
459,piperidin-1-ium iodide,C5H12IN,[I-].C1CC[NH2+]CC1,42.24122556,5,12,1,0,0,34.39946188,213.062,1,0,0,23.55161898,-3.2623
460,piperidin-1-ium iodide,C5H12IN,[I-].C1CC[NH2+]CC1,46.93469507,5,12,1,0,0,34.39946188,213.062,1,0,0,23.55161898,-3.2623
461,piperidin-1-ium iodide,C5H12IN,[I-].C1CC[NH2+]CC1,51.62816457,5,12,1,0,0,34.39946188,213.062,1,0,0,23.55161898,-3.2623
462,piperidin-1-ium iodide,C5H12IN,[I-].C1CC[NH2+]CC1,56.32163408,5,12,1,0,0,34.39946188,213.062,1,0,0,23.55161898,-3.2623
463,piperidin-1-ium iodide,C5H12IN,[I-].C1CC[NH2+]CC1,61.01510358,5,12,1,0,0,34.39946188,213.062,1,0,0,23.55161898,-3.2623
464,piperidin-1-ium iodide,C5H12IN,[I-].C1CC[NH2+]CC1,65.70857309,5,12,1,0,0,34.39946188,213.062,1,0,0,23.55161898,-3.2623
465,piperidin-1-ium iodide,C5H12IN,[I-].C1CC[NH2+]CC1,70.4020426,5,12,1,0,0,34.39946188,213.062,1,0,0,23.55161898,-3.2623
466,propan-1-aminium iodide,n-PrNH3I,[I-].CCC[NH3+],5.346907349,3,10,1,0,0,6.854752972,187.024,1,0,1,8.854752972,-3.3577
467,propan-1-aminium iodide,n-PrNH3I,[I-].CCC[NH3+],10.6938147,3,10,1,0,0,6.854752972,187.024,1,0,1,8.854752972,-3.3577
468,propan-1-aminium iodide,n-PrNH3I,[I-].CCC[NH3+],16.04072205,3,10,1,0,0,6.854752972,187.024,1,0,1,8.854752972,-3.3577
469,propan-1-aminium iodide,n-PrNH3I,[I-].CCC[NH3+],21.3876294,3,10,1,0,0,6.854752972,187.024,1,0,1,8.854752972,-3.3577
470,propan-1-aminium iodide,n-PrNH3I,[I-].CCC[NH3+],26.73453674,3,10,1,0,0,6.854752972,187.024,1,0,1,8.854752972,-3.3577
471,propan-1-aminium iodide,n-PrNH3I,[I-].CCC[NH3+],32.08144409,3,10,1,0,0,6.854752972,187.024,1,0,1,8.854752972,-3.3577
472,propan-1-aminium iodide,n-PrNH3I,[I-].CCC[NH3+],37.42835144,3,10,1,0,0,6.854752972,187.024,1,0,1,8.854752972,-3.3577
473,propan-1-aminium iodide,n-PrNH3I,[I-].CCC[NH3+],42.77525879,3,10,1,0,0,6.854752972,187.024,1,0,1,8.854752972,-3.3577
474,propan-1-aminium iodide,n-PrNH3I,[I-].CCC[NH3+],48.12216614,3,10,1,0,0,6.854752972,187.024,1,0,1,8.854752972,-3.3577
475,propan-1-aminium iodide,n-PrNH3I,[I-].CCC[NH3+],53.46907349,3,10,1,0,0,6.854752972,187.024,1,0,1,8.854752972,-3.3577
476,propan-1-aminium iodide,n-PrNH3I,[I-].CCC[NH3+],58.81598084,3,10,1,0,0,6.854752972,187.024,1,0,1,8.854752972,-3.3577
477,propan-1-aminium iodide,n-PrNH3I,[I-].CCC[NH3+],64.16288819,3,10,1,0,0,6.854752972,187.024,1,0,1,8.854752972,-3.3577
478,propan-1-aminium iodide,n-PrNH3I,[I-].CCC[NH3+],69.50979553,3,10,1,0,0,6.854752972,187.024,1,0,1,8.854752972,-3.3577
479,propan-1-aminium iodide,n-PrNH3I,[I-].CCC[NH3+],74.85670288,3,10,1,0,0,6.854752972,187.024,1,0,1,8.854752972,-3.3577
480,propan-1-aminium iodide,n-PrNH3I,[I-].CCC[NH3+],80.20361023,3,10,1,0,0,6.854752972,187.024,1,0,1,8.854752972,-3.3577
481,propan-2-aminium iodide,i-PrNH3I,[I-].CC(C)[NH3+],5.346907349,3,10,1,0,0,3.245112498,187.024,1,0,0,11.60964047,-3.3593
482,propan-2-aminium iodide,i-PrNH3I,[I-].CC(C)[NH3+],10.6938147,3,10,1,0,0,3.245112498,187.024,1,0,0,11.60964047,-3.3593
483,propan-2-aminium iodide,i-PrNH3I,[I-].CC(C)[NH3+],16.04072205,3,10,1,0,0,3.245112498,187.024,1,0,0,11.60964047,-3.3593
484,propan-2-aminium iodide,i-PrNH3I,[I-].CC(C)[NH3+],21.3876294,3,10,1,0,0,3.245112498,187.024,1,0,0,11.60964047,-3.3593
485,propan-2-aminium iodide,i-PrNH3I,[I-].CC(C)[NH3+],26.73453674,3,10,1,0,0,3.245112498,187.024,1,0,0,11.60964047,-3.3593
486,propan-2-aminium iodide,i-PrNH3I,[I-].CC(C)[NH3+],32.08144409,3,10,1,0,0,3.245112498,187.024,1,0,0,11.60964047,-3.3593
487,propan-2-aminium iodide,i-PrNH3I,[I-].CC(C)[NH3+],37.42835144,3,10,1,0,0,3.245112498,187.024,1,0,0,11.60964047,-3.3593
488,propan-2-aminium iodide,i-PrNH3I,[I-].CC(C)[NH3+],42.77525879,3,10,1,0,0,3.245112498,187.024,1,0,0,11.60964047,-3.3593
489,propan-2-aminium iodide,i-PrNH3I,[I-].CC(C)[NH3+],48.12216614,3,10,1,0,0,3.245112498,187.024,1,0,0,11.60964047,-3.3593
490,propan-2-aminium iodide,i-PrNH3I,[I-].CC(C)[NH3+],53.46907349,3,10,1,0,0,3.245112498,187.024,1,0,0,11.60964047,-3.3593
491,propan-2-aminium iodide,i-PrNH3I,[I-].CC(C)[NH3+],58.81598084,3,10,1,0,0,3.245112498,187.024,1,0,0,11.60964047,-3.3593
492,propan-2-aminium iodide,i-PrNH3I,[I-].CC(C)[NH3+],64.16288819,3,10,1,0,0,3.245112498,187.024,1,0,0,11.60964047,-3.3593
493,propan-2-aminium iodide,i-PrNH3I,[I-].CC(C)[NH3+],69.50979553,3,10,1,0,0,3.245112498,187.024,1,0,0,11.60964047,-3.3593
494,propan-2-aminium iodide,i-PrNH3I,[I-].CC(C)[NH3+],74.85670288,3,10,1,0,0,3.245112498,187.024,1,0,0,11.60964047,-3.3593
495,propan-2-aminium iodide,i-PrNH3I,[I-].CC(C)[NH3+],80.20361023,3,10,1,0,0,3.245112498,187.024,1,0,0,11.60964047,-3.3593
496,pyridin-1-ium iodide,PyI,[I-].c1cc[nH+]cc1,4.830591168,5,6,1,0,0,34.39946188,207.014,0,0,0,80.00284904,-2.4953
497,pyridin-1-ium iodide,PyI,[I-].c1cc[nH+]cc1,9.661182335,5,6,1,0,0,34.39946188,207.014,0,0,0,80.00284904,-2.4953
498,pyridin-1-ium iodide,PyI,[I-].c1cc[nH+]cc1,14.4917735,5,6,1,0,0,34.39946188,207.014,0,0,0,80.00284904,-2.4953
499,pyridin-1-ium iodide,PyI,[I-].c1cc[nH+]cc1,19.32236467,5,6,1,0,0,34.39946188,207.014,0,0,0,80.00284904,-2.4953
500,pyridin-1-ium iodide,PyI,[I-].c1cc[nH+]cc1,24.15295584,5,6,1,0,0,34.39946188,207.014,0,0,0,80.00284904,-2.4953
501,pyridin-1-ium iodide,PyI,[I-].c1cc[nH+]cc1,28.98354701,5,6,1,0,0,34.39946188,207.014,0,0,0,80.00284904,-2.4953
502,pyridin-1-ium iodide,PyI,[I-].c1cc[nH+]cc1,33.81413817,5,6,1,0,0,34.39946188,207.014,0,0,0,80.00284904,-2.4953
503,pyridin-1-ium iodide,PyI,[I-].c1cc[nH+]cc1,38.64472934,5,6,1,0,0,34.39946188,207.014,0,0,0,80.00284904,-2.4953
504,pyridin-1-ium iodide,PyI,[I-].c1cc[nH+]cc1,43.47532051,5,6,1,0,0,34.39946188,207.014,0,0,0,80.00284904,-2.4953
505,pyridin-1-ium iodide,PyI,[I-].c1cc[nH+]cc1,48.30591168,5,6,1,0,0,34.39946188,207.014,0,0,0,80.00284904,-2.4953
506,pyridin-1-ium iodide,PyI,[I-].c1cc[nH+]cc1,53.13650285,5,6,1,0,0,34.39946188,207.014,0,0,0,80.00284904,-2.4953
507,pyridin-1-ium iodide,PyI,[I-].c1cc[nH+]cc1,57.96709401,5,6,1,0,0,34.39946188,207.014,0,0,0,80.00284904,-2.4953
508,pyridin-1-ium iodide,PyI,[I-].c1cc[nH+]cc1,62.79768518,5,6,1,0,0,34.39946188,207.014,0,0,0,80.00284904,-2.4953
509,pyridin-1-ium iodide,PyI,[I-].c1cc[nH+]cc1,67.62827635,5,6,1,0,0,34.39946188,207.014,0,0,0,80.00284904,-2.4953
510,pyridin-1-ium iodide,PyI,[I-].c1cc[nH+]cc1,72.45886752,5,6,1,0,0,34.39946188,207.014,0,0,0,80.00284904,-2.4953
511,pyridin-4-ylmethanaminium iodide,C6H9IN2,[I-].[NH3+]Cc1ccncc1,4.236282916,6,9,2,0,0,91.36757728,236.056,1,1,1,152.4038489,-3.1725
512,pyridin-4-ylmethanaminium iodide,C6H9IN2,[I-].[NH3+]Cc1ccncc1,8.472565832,6,9,2,0,0,91.36757728,236.056,1,1,1,152.4038489,-3.1725
513,pyridin-4-ylmethanaminium iodide,C6H9IN2,[I-].[NH3+]Cc1ccncc1,12.70884875,6,9,2,0,0,91.36757728,236.056,1,1,1,152.4038489,-3.1725
514,pyridin-4-ylmethanaminium iodide,C6H9IN2,[I-].[NH3+]Cc1ccncc1,16.94513166,6,9,2,0,0,91.36757728,236.056,1,1,1,152.4038489,-3.1725
515,pyridin-4-ylmethanaminium iodide,C6H9IN2,[I-].[NH3+]Cc1ccncc1,21.18141458,6,9,2,0,0,91.36757728,236.056,1,1,1,152.4038489,-3.1725
516,pyridin-4-ylmethanaminium iodide,C6H9IN2,[I-].[NH3+]Cc1ccncc1,25.4176975,6,9,2,0,0,91.36757728,236.056,1,1,1,152.4038489,-3.1725
517,pyridin-4-ylmethanaminium iodide,C6H9IN2,[I-].[NH3+]Cc1ccncc1,29.65398041,6,9,2,0,0,91.36757728,236.056,1,1,1,152.4038489,-3.1725
518,pyridin-4-ylmethanaminium iodide,C6H9IN2,[I-].[NH3+]Cc1ccncc1,33.89026333,6,9,2,0,0,91.36757728,236.056,1,1,1,152.4038489,-3.1725
519,pyridin-4-ylmethanaminium iodide,C6H9IN2,[I-].[NH3+]Cc1ccncc1,38.12654624,6,9,2,0,0,91.36757728,236.056,1,1,1,152.4038489,-3.1725
520,pyridin-4-ylmethanaminium iodide,C6H9IN2,[I-].[NH3+]Cc1ccncc1,42.36282916,6,9,2,0,0,91.36757728,236.056,1,1,1,152.4038489,-3.1725
521,pyridin-4-ylmethanaminium iodide,C6H9IN2,[I-].[NH3+]Cc1ccncc1,46.59911208,6,9,2,0,0,91.36757728,236.056,1,1,1,152.4038489,-3.1725
522,pyridin-4-ylmethanaminium iodide,C6H9IN2,[I-].[NH3+]Cc1ccncc1,50.83539499,6,9,2,0,0,91.36757728,236.056,1,1,1,152.4038489,-3.1725
523,pyridin-4-ylmethanaminium iodide,C6H9IN2,[I-].[NH3+]Cc1ccncc1,55.07167791,6,9,2,0,0,91.36757728,236.056,1,1,1,152.4038489,-3.1725
524,pyridin-4-ylmethanaminium iodide,C6H9IN2,[I-].[NH3+]Cc1ccncc1,59.30796082,6,9,2,0,0,91.36757728,236.056,1,1,1,152.4038489,-3.1725
525,pyridin-4-ylmethanaminium iodide,C6H9IN2,[I-].[NH3+]Cc1ccncc1,63.54424374,6,9,2,0,0,91.36757728,236.056,1,1,1,152.4038489,-3.1725
526,pyrrolidin-1-ium iodide,PyrrI,[I-].C1CC[NH2+]C1,5.024241967,4,10,1,0,0,22.88643539,199.035,1,0,0,19.11941548,-3.6524
527,pyrrolidin-1-ium iodide,PyrrI,[I-].C1CC[NH2+]C1,10.04848393,4,10,1,0,0,22.88643539,199.035,1,0,0,19.11941548,-3.6524
528,pyrrolidin-1-ium iodide,PyrrI,[I-].C1CC[NH2+]C1,15.0727259,4,10,1,0,0,22.88643539,199.035,1,0,0,19.11941548,-3.6524
529,pyrrolidin-1-ium iodide,PyrrI,[I-].C1CC[NH2+]C1,20.09696787,4,10,1,0,0,22.88643539,199.035,1,0,0,19.11941548,-3.6524
530,pyrrolidin-1-ium iodide,PyrrI,[I-].C1CC[NH2+]C1,25.12120984,4,10,1,0,0,22.88643539,199.035,1,0,0,19.11941548,-3.6524
531,pyrrolidin-1-ium iodide,PyrrI,[I-].C1CC[NH2+]C1,30.1454518,4,10,1,0,0,22.88643539,199.035,1,0,0,19.11941548,-3.6524
532,pyrrolidin-1-ium iodide,PyrrI,[I-].C1CC[NH2+]C1,35.16969377,4,10,1,0,0,22.88643539,199.035,1,0,0,19.11941548,-3.6524
533,pyrrolidin-1-ium iodide,PyrrI,[I-].C1CC[NH2+]C1,40.19393574,4,10,1,0,0,22.88643539,199.035,1,0,0,19.11941548,-3.6524
534,pyrrolidin-1-ium iodide,PyrrI,[I-].C1CC[NH2+]C1,45.21817771,4,10,1,0,0,22.88643539,199.035,1,0,0,19.11941548,-3.6524
535,pyrrolidin-1-ium iodide,PyrrI,[I-].C1CC[NH2+]C1,50.24241967,4,10,1,0,0,22.88643539,199.035,1,0,0,19.11941548,-3.6524
536,pyrrolidin-1-ium iodide,PyrrI,[I-].C1CC[NH2+]C1,55.26666164,4,10,1,0,0,22.88643539,199.035,1,0,0,19.11941548,-3.6524
537,pyrrolidin-1-ium iodide,PyrrI,[I-].C1CC[NH2+]C1,60.29090361,4,10,1,0,0,22.88643539,199.035,1,0,0,19.11941548,-3.6524
538,pyrrolidin-1-ium iodide,PyrrI,[I-].C1CC[NH2+]C1,65.31514558,4,10,1,0,0,22.88643539,199.035,1,0,0,19.11941548,-3.6524
539,pyrrolidin-1-ium iodide,PyrrI,[I-].C1CC[NH2+]C1,70.33938754,4,10,1,0,0,22.88643539,199.035,1,0,0,19.11941548,-3.6524
540,pyrrolidin-1-ium iodide,PyrrI,[I-].C1CC[NH2+]C1,75.36362951,4,10,1,0,0,22.88643539,199.035,1,0,0,19.11941548,-3.6524
541,Tetraethylammonium iodide,TEAI,[I-].CC[N+](CC)(CC)CC,3.888644768,8,20,1,0,0,93.40990953,257.159,0,0,4,52.14806784,-1.1132
542,Tetraethylammonium iodide,TEAI,[I-].CC[N+](CC)(CC)CC,7.777289537,8,20,1,0,0,93.40990953,257.159,0,0,4,52.14806784,-1.1132
543,Tetraethylammonium iodide,TEAI,[I-].CC[N+](CC)(CC)CC,11.66593431,8,20,1,0,0,93.40990953,257.159,0,0,4,52.14806784,-1.1132
544,Tetraethylammonium iodide,TEAI,[I-].CC[N+](CC)(CC)CC,15.55457907,8,20,1,0,0,93.40990953,257.159,0,0,4,52.14806784,-1.1132
545,Tetraethylammonium iodide,TEAI,[I-].CC[N+](CC)(CC)CC,19.44322384,8,20,1,0,0,93.40990953,257.159,0,0,4,52.14806784,-1.1132
546,Tetraethylammonium iodide,TEAI,[I-].CC[N+](CC)(CC)CC,23.33186861,8,20,1,0,0,93.40990953,257.159,0,0,4,52.14806784,-1.1132
547,Tetraethylammonium iodide,TEAI,[I-].CC[N+](CC)(CC)CC,27.22051338,8,20,1,0,0,93.40990953,257.159,0,0,4,52.14806784,-1.1132
548,Tetraethylammonium iodide,TEAI,[I-].CC[N+](CC)(CC)CC,31.10915815,8,20,1,0,0,93.40990953,257.159,0,0,4,52.14806784,-1.1132
549,Tetraethylammonium iodide,TEAI,[I-].CC[N+](CC)(CC)CC,34.99780292,8,20,1,0,0,93.40990953,257.159,0,0,4,52.14806784,-1.1132
550,Tetraethylammonium iodide,TEAI,[I-].CC[N+](CC)(CC)CC,38.88644768,8,20,1,0,0,93.40990953,257.159,0,0,4,52.14806784,-1.1132
551,Tetraethylammonium iodide,TEAI,[I-].CC[N+](CC)(CC)CC,42.77509245,8,20,1,0,0,93.40990953,257.159,0,0,4,52.14806784,-1.1132
552,Tetraethylammonium iodide,TEAI,[I-].CC[N+](CC)(CC)CC,46.66373722,8,20,1,0,0,93.40990953,257.159,0,0,4,52.14806784,-1.1132
553,Tetraethylammonium iodide,TEAI,[I-].CC[N+](CC)(CC)CC,50.55238199,8,20,1,0,0,93.40990953,257.159,0,0,4,52.14806784,-1.1132
554,Tetraethylammonium iodide,TEAI,[I-].CC[N+](CC)(CC)CC,54.44102676,8,20,1,0,0,93.40990953,257.159,0,0,4,52.14806784,-1.1132
555,Tetraethylammonium iodide,TEAI,[I-].CC[N+](CC)(CC)CC,58.32967153,8,20,1,0,0,93.40990953,257.159,0,0,4,52.14806784,-1.1132
556,thiophen-2-ylmethanaminium iodide,,[I-].[NH3+]Cc1sccc1,4.147708184,5,8,1,0,0,66.31310983,241.097,1,1,1,126.9846099,-2.506
557,thiophen-2-ylmethanaminium iodide,,[I-].[NH3+]Cc1sccc1,8.295416368,5,8,1,0,0,66.31310983,241.097,1,1,1,126.9846099,-2.506
558,thiophen-2-ylmethanaminium iodide,,[I-].[NH3+]Cc1sccc1,12.44312455,5,8,1,0,0,66.31310983,241.097,1,1,1,126.9846099,-2.506
559,thiophen-2-ylmethanaminium iodide,,[I-].[NH3+]Cc1sccc1,16.59083274,5,8,1,0,0,66.31310983,241.097,1,1,1,126.9846099,-2.506
560,thiophen-2-ylmethanaminium iodide,,[I-].[NH3+]Cc1sccc1,20.73854092,5,8,1,0,0,66.31310983,241.097,1,1,1,126.9846099,-2.506
561,thiophen-2-ylmethanaminium iodide,,[I-].[NH3+]Cc1sccc1,24.8862491,5,8,1,0,0,66.31310983,241.097,1,1,1,126.9846099,-2.506
562,thiophen-2-ylmethanaminium iodide,,[I-].[NH3+]Cc1sccc1,29.03395729,5,8,1,0,0,66.31310983,241.097,1,1,1,126.9846099,-2.506
563,thiophen-2-ylmethanaminium iodide,,[I-].[NH3+]Cc1sccc1,33.18166547,5,8,1,0,0,66.31310983,241.097,1,1,1,126.9846099,-2.506
564,thiophen-2-ylmethanaminium iodide,,[I-].[NH3+]Cc1sccc1,37.32937365,5,8,1,0,0,66.31310983,241.097,1,1,1,126.9846099,-2.506
565,thiophen-2-ylmethanaminium iodide,,[I-].[NH3+]Cc1sccc1,41.47708184,5,8,1,0,0,66.31310983,241.097,1,1,1,126.9846099,-2.506
566,thiophen-2-ylmethanaminium iodide,,[I-].[NH3+]Cc1sccc1,45.62479002,5,8,1,0,0,66.31310983,241.097,1,1,1,126.9846099,-2.506
567,thiophen-2-ylmethanaminium iodide,,[I-].[NH3+]Cc1sccc1,49.77249821,5,8,1,0,0,66.31310983,241.097,1,1,1,126.9846099,-2.506
568,thiophen-2-ylmethanaminium iodide,,[I-].[NH3+]Cc1sccc1,53.92020639,5,8,1,0,0,66.31310983,241.097,1,1,1,126.9846099,-2.506
569,thiophen-2-ylmethanaminium iodide,,[I-].[NH3+]Cc1sccc1,58.06791457,5,8,1,0,0,66.31310983,241.097,1,1,1,126.9846099,-2.506
570,thiophen-2-ylmethanaminium iodide,,[I-].[NH3+]Cc1sccc1,62.21562276,5,8,1,0,0,66.31310983,241.097,1,1,1,126.9846099,-2.506
571,3-phenylpropan-1-aminium iodide,PPAI,[I-].[NH3+]CCCc1ccccc1,3.800518391,9,14,1,0,0,251.6671623,263.122,1,0,3,174.1774242,-2.1349
572,3-phenylpropan-1-aminium iodide,PPAI,[I-].[NH3+]CCCc1ccccc2,7.601036781,9,14,1,0,0,251.6671623,263.122,1,0,3,174.1774242,-2.1349
573,3-phenylpropan-1-aminium iodide,PPAI,[I-].[NH3+]CCCc1ccccc3,11.40155517,9,14,1,0,0,251.6671623,263.122,1,0,3,174.1774242,-2.1349
574,3-phenylpropan-1-aminium iodide,PPAI,[I-].[NH3+]CCCc1ccccc4,15.20207356,9,14,1,0,0,251.6671623,263.122,1,0,3,174.1774242,-2.1349
575,3-phenylpropan-1-aminium iodide,PPAI,[I-].[NH3+]CCCc1ccccc5,19.00259195,9,14,1,0,0,251.6671623,263.122,1,0,3,174.1774242,-2.1349
576,3-phenylpropan-1-aminium iodide,PPAI,[I-].[NH3+]CCCc1ccccc6,22.80311034,9,14,1,0,0,251.6671623,263.122,1,0,3,174.1774242,-2.1349
577,3-phenylpropan-1-aminium iodide,PPAI,[I-].[NH3+]CCCc1ccccc7,26.60362873,9,14,1,0,0,251.6671623,263.122,1,0,3,174.1774242,-2.1349
578,3-phenylpropan-1-aminium iodide,PPAI,[I-].[NH3+]CCCc1ccccc8,30.40414713,9,14,1,0,0,251.6671623,263.122,1,0,3,174.1774242,-2.1349
579,3-phenylpropan-1-aminium iodide,PPAI,[I-].[NH3+]CCCc1ccccc9,34.20466552,9,14,1,0,0,251.6671623,263.122,1,0,3,174.1774242,-2.1349
580,3-phenylpropan-1-aminium iodide,PPAI,[I-].[NH3+]CCCc1ccccc10,38.00518391,9,14,1,0,0,251.6671623,263.122,1,0,3,174.1774242,-2.1349
581,3-phenylpropan-1-aminium iodide,PPAI,[I-].[NH3+]CCCc1ccccc11,41.8057023,9,14,1,0,0,251.6671623,263.122,1,0,3,174.1774242,-2.1349
582,3-phenylpropan-1-aminium iodide,PPAI,[I-].[NH3+]CCCc1ccccc12,45.60622069,9,14,1,0,0,251.6671623,263.122,1,0,3,174.1774242,-2.1349
583,3-phenylpropan-1-aminium iodide,PPAI,[I-].[NH3+]CCCc1ccccc13,49.40673908,9,14,1,0,0,251.6671623,263.122,1,0,3,174.1774242,-2.1349
584,3-phenylpropan-1-aminium iodide,PPAI,[I-].[NH3+]CCCc1ccccc14,53.20725747,9,14,1,0,0,251.6671623,263.122,1,0,3,174.1774242,-2.1349
585,3-phenylpropan-1-aminium iodide,PPAI,[I-].[NH3+]CCCc1ccccc15,60.80829425,9,14,1,0,0,251.6671623,263.122,1,0,3,174.1774242,-2.1349
586,2-(3-fluorophenyl)ethan-1-aminium iodide,3-F-PEAI,[I-].[NH3+]CCc1cccc(F)c1,3.744126402,8,11,1,1,0,199.4352741,267.085,1,0,2,215.0019611,-2.3859
587,2-(3-fluorophenyl)ethan-1-aminium iodide,3-F-PEAI,[I-].[NH3+]CCc1cccc(F)c2,7.488252803,8,11,1,1,0,199.4352741,267.085,1,0,2,215.0019611,-2.3859
588,2-(3-fluorophenyl)ethan-1-aminium iodide,3-F-PEAI,[I-].[NH3+]CCc1cccc(F)c3,11.23237921,8,11,1,1,0,199.4352741,267.085,1,0,2,215.0019611,-2.3859
589,2-(3-fluorophenyl)ethan-1-aminium iodide,3-F-PEAI,[I-].[NH3+]CCc1cccc(F)c4,14.97650561,8,11,1,1,0,199.4352741,267.085,1,0,2,215.0019611,-2.3859
590,2-(3-fluorophenyl)ethan-1-aminium iodide,3-F-PEAI,[I-].[NH3+]CCc1cccc(F)c5,18.72063201,8,11,1,1,0,199.4352741,267.085,1,0,2,215.0019611,-2.3859
591,2-(3-fluorophenyl)ethan-1-aminium iodide,3-F-PEAI,[I-].[NH3+]CCc1cccc(F)c6,22.46475841,8,11,1,1,0,199.4352741,267.085,1,0,2,215.0019611,-2.3859
592,2-(3-fluorophenyl)ethan-1-aminium iodide,3-F-PEAI,[I-].[NH3+]CCc1cccc(F)c7,26.20888481,8,11,1,1,0,199.4352741,267.085,1,0,2,215.0019611,-2.3859
593,2-(3-fluorophenyl)ethan-1-aminium iodide,3-F-PEAI,[I-].[NH3+]CCc1cccc(F)c8,29.95301121,8,11,1,1,0,199.4352741,267.085,1,0,2,215.0019611,-2.3859
594,2-(3-fluorophenyl)ethan-1-aminium iodide,3-F-PEAI,[I-].[NH3+]CCc1cccc(F)c9,33.69713762,8,11,1,1,0,199.4352741,267.085,1,0,2,215.0019611,-2.3859
595,2-(3-fluorophenyl)ethan-1-aminium iodide,3-F-PEAI,[I-].[NH3+]CCc1cccc(F)c10,37.44126402,8,11,1,1,0,199.4352741,267.085,1,0,2,215.0019611,-2.3859
596,2-(3-fluorophenyl)ethan-1-aminium iodide,3-F-PEAI,[I-].[NH3+]CCc1cccc(F)c11,41.18539042,8,11,1,1,0,199.4352741,267.085,1,0,2,215.0019611,-2.3859
597,2-(3-fluorophenyl)ethan-1-aminium iodide,3-F-PEAI,[I-].[NH3+]CCc1cccc(F)c12,44.92951682,8,11,1,1,0,199.4352741,267.085,1,0,2,215.0019611,-2.3859
598,2-(3-fluorophenyl)ethan-1-aminium iodide,3-F-PEAI,[I-].[NH3+]CCc1cccc(F)c13,48.67364322,8,11,1,1,0,199.4352741,267.085,1,0,2,215.0019611,-2.3859
599,2-(3-fluorophenyl)ethan-1-aminium iodide,3-F-PEAI,[I-].[NH3+]CCc1cccc(F)c14,52.41776962,8,11,1,1,0,199.4352741,267.085,1,0,2,215.0019611,-2.3859
600,2-(3-fluorophenyl)ethan-1-aminium iodide,3-F-PEAI,[I-].[NH3+]CCc1cccc(F)c15,59.90602243,8,11,1,1,0,199.4352741,267.085,1,0,2,215.0019611,-2.3859